date,fund_id,custodian_nav,custodian_cash,custodian_positions
2024-01-01,FUND1,1000509.77,909660.2,"[{""security_id"": ""AAPL"", ""quantity"": 100.0, ""price"": 181.61}, {""security_id"": ""AMZN"", ""quantity"": 100.0, ""price"": 174.59}, {""security_id"": ""GOOGL"", ""quantity"": 100.0, ""price"": 145.42}, {""security_id"": ""MSFT"", ""quantity"": 100.0, ""price"": 401.58}]"
2024-01-02,FUND1,999845.39,909660.2,"[{""security_id"": ""AAPL"", ""quantity"": 100.0, ""price"": 184.13}, {""security_id"": ""AMZN"", ""quantity"": 100.0, ""price"": 170.85}, {""security_id"": ""GOOGL"", ""quantity"": 100.0, ""price"": 146.42}, {""security_id"": ""MSFT"", ""quantity"": 100.0, ""price"": 392.93}]"
2024-01-03,FUND1,1000592.1,909660.2,"[{""security_id"": ""AAPL"", ""quantity"": 100.0, ""price"": 187.32}, {""security_id"": ""AMZN"", ""quantity"": 100.0, ""price"": 173.5}, {""security_id"": ""GOOGL"", ""quantity"": 100.0, ""price"": 147.56}, {""security_id"": ""MSFT"", ""quantity"": 100.0, ""price"": 394.8}]"
2024-01-04,FUND1,999759.37,909660.2,"[{""security_id"": ""AAPL"", ""quantity"": 100.0, ""price"": 180.9}, {""security_id"": ""AMZN"", ""quantity"": 100.0, ""price"": 170.7}, {""security_id"": ""GOOGL"", ""quantity"": 100.0, ""price"": 144.13}, {""security_id"": ""MSFT"", ""quantity"": 100.0, ""price"": 408.06}]"
2024-01-05,FUND1,999771.19,909660.2,"[{""security_id"": ""AAPL"", ""quantity"": 100.0, ""price"": 176.76}, {""security_id"": ""AMZN"", ""quantity"": 100.0, ""price"": 179.6}, {""security_id"": ""GOOGL"", ""quantity"": 100.0, ""price"": 146.41}, {""security_id"": ""MSFT"", ""quantity"": 100.0, ""price"": 396.2}]"
2024-01-08,FUND1,998163.16,909660.2,"[{""security_id"": ""AAPL"", ""quantity"": 100.0, ""price"": 177.21}, {""security_id"": ""AMZN"", ""quantity"": 100.0, ""price"": 178.19}, {""security_id"": ""GOOGL"", ""quantity"": 100.0, ""price"": 144.35}, {""security_id"": ""MSFT"", ""quantity"": 100.0, ""price"": 387.27}]"
2024-01-09,FUND1,998030.93,909660.2,"[{""security_id"": ""AAPL"", ""quantity"": 100.0, ""price"": 176.25}, {""security_id"": ""AMZN"", ""quantity"": 100.0, ""price"": 178.47}, {""security_id"": ""GOOGL"", ""quantity"": 100.0, ""price"": 146.04}, {""security_id"": ""MSFT"", ""quantity"": 100.0, ""price"": 384.42}]"
2024-01-10,FUND1,998236.23,909660.2,"[{""security_id"": ""AAPL"", ""quantity"": 100.0, ""price"": 176.24}, {""security_id"": ""AMZN"", ""quantity"": 100.0, ""price"": 174.4}, {""security_id"": ""GOOGL"", ""quantity"": 100.0, ""price"": 146.05}, {""security_id"": ""MSFT"", ""quantity"": 100.0, ""price"": 380.93}]"
2024-01-11,FUND1,998337.28,909660.2,"[{""security_id"": ""AAPL"", ""quantity"": 100.0, ""price"": 173.59}, {""security_id"": ""AMZN"", ""quantity"": 100.0, ""price"": 179.88}, {""security_id"": ""GOOGL"", ""quantity"": 100.0, ""price"": 142.51}, {""security_id"": ""MSFT"", ""quantity"": 100.0, ""price"": 386.64}]"
2024-01-12,FUND1,999560.25,909660.2,"[{""security_id"": ""AAPL"", ""quantity"": 100.0, ""price"": 176.41}, {""security_id"": ""AMZN"", ""quantity"": 100.0, ""price"": 183.59}, {""security_id"": ""GOOGL"", ""quantity"": 100.0, ""price"": 141.74}, {""security_id"": ""MSFT"", ""quantity"": 100.0, ""price"": 388.43}]"
2024-01-15,FUND1,997910.13,909660.2,"[{""security_id"": ""AAPL"", ""quantity"": 100.0, ""price"": 178.94}, {""security_id"": ""AMZN"", ""quantity"": 100.0, ""price"": 184.62}, {""security_id"": ""GOOGL"", ""quantity"": 100.0, ""price"": 142.71}, {""security_id"": ""MSFT"", ""quantity"": 100.0, ""price"": 376.31}]"
2024-01-16,FUND1,998212.6,909660.2,"[{""security_id"": ""AAPL"", ""quantity"": 100.0, ""price"": 179.2}, {""security_id"": ""AMZN"", ""quantity"": 100.0, ""price"": 180.24}, {""security_id"": ""GOOGL"", ""quantity"": 100.0, ""price"": 144.33}, {""security_id"": ""MSFT"", ""quantity"": 100.0, ""price"": 379.91}]"
2024-01-17,FUND1,998160.23,909660.2,"[{""security_id"": ""AAPL"", ""quantity"": 100.0, ""price"": 182.92}, {""security_id"": ""AMZN"", ""quantity"": 100.0, ""price"": 180.97}, {""security_id"": ""GOOGL"", ""quantity"": 100.0, ""price"": 144.0}, {""security_id"": ""MSFT"", ""quantity"": 100.0, ""price"": 376.07}]"
2024-01-18,FUND1,998643.93,909660.2,"[{""security_id"": ""AAPL"", ""quantity"": 100.0, ""price"": 184.51}, {""security_id"": ""AMZN"", ""quantity"": 100.0, ""price"": 177.4}, {""security_id"": ""GOOGL"", ""quantity"": 100.0, ""price"": 148.06}, {""security_id"": ""MSFT"", ""quantity"": 100.0, ""price"": 384.9}]"
2024-01-19,FUND1,998901.82,909660.2,"[{""security_id"": ""AAPL"", ""quantity"": 100.0, ""price"": 181.72}, {""security_id"": ""AMZN"", ""quantity"": 100.0, ""price"": 182.18}, {""security_id"": ""GOOGL"", ""quantity"": 100.0, ""price"": 150.81}, {""security_id"": ""MSFT"", ""quantity"": 100.0, ""price"": 380.67}]"
2024-01-22,FUND1,999274.0,909660.2,"[{""security_id"": ""AAPL"", ""quantity"": 100.0, ""price"": 182.98}, {""security_id"": ""AMZN"", ""quantity"": 100.0, ""price"": 184.9}, {""security_id"": ""GOOGL"", ""quantity"": 100.0, ""price"": 150.15}, {""security_id"": ""MSFT"", ""quantity"": 100.0, ""price"": 376.42}]"
2024-01-23,FUND1,998850.93,909660.2,"[{""security_id"": ""AAPL"", ""quantity"": 100.0, ""price"": 179.89}, {""security_id"": ""AMZN"", ""quantity"": 100.0, ""price"": 185.26}, {""security_id"": ""GOOGL"", ""quantity"": 100.0, ""price"": 152.23}, {""security_id"": ""MSFT"", ""quantity"": 100.0, ""price"": 380.2}]"
2024-01-24,FUND1,1000813.23,909660.2,"[{""security_id"": ""AAPL"", ""quantity"": 100.0, ""price"": 182.8}, {""security_id"": ""AMZN"", ""quantity"": 100.0, ""price"": 177.36}, {""security_id"": ""GOOGL"", ""quantity"": 100.0, ""price"": 157.66}, {""security_id"": ""MSFT"", ""quantity"": 100.0, ""price"": 385.56}]"
2024-01-25,FUND1,1000094.54,909660.2,"[{""security_id"": ""AAPL"", ""quantity"": 100.0, ""price"": 182.69}, {""security_id"": ""AMZN"", ""quantity"": 100.0, ""price"": 174.29}, {""security_id"": ""GOOGL"", ""quantity"": 100.0, ""price"": 163.36}, {""security_id"": ""MSFT"", ""quantity"": 100.0, ""price"": 388.78}]"
2024-01-26,FUND1,998872.89,909660.2,"[{""security_id"": ""AAPL"", ""quantity"": 100.0, ""price"": 182.12}, {""security_id"": ""AMZN"", ""quantity"": 100.0, ""price"": 176.51}, {""security_id"": ""GOOGL"", ""quantity"": 100.0, ""price"": 159.83}, {""security_id"": ""MSFT"", ""quantity"": 100.0, ""price"": 377.25}]"
2024-01-29,FUND1,1000074.18,909660.2,"[{""security_id"": ""AAPL"", ""quantity"": 100.0, ""price"": 179.95}, {""security_id"": ""AMZN"", ""quantity"": 100.0, ""price"": 180.45}, {""security_id"": ""GOOGL"", ""quantity"": 100.0, ""price"": 157.23}, {""security_id"": ""MSFT"", ""quantity"": 100.0, ""price"": 381.02}]"
2024-01-30,FUND1,999513.8,909660.2,"[{""security_id"": ""AAPL"", ""quantity"": 100.0, ""price"": 184.0}, {""security_id"": ""AMZN"", ""quantity"": 100.0, ""price"": 184.13}, {""security_id"": ""GOOGL"", ""quantity"": 100.0, ""price"": 161.53}, {""security_id"": ""MSFT"", ""quantity"": 100.0, ""price"": 374.08}]"
2024-01-31,FUND1,1000103.91,909660.2,"[{""security_id"": ""AAPL"", ""quantity"": 100.0, ""price"": 183.53}, {""security_id"": ""AMZN"", ""quantity"": 100.0, ""price"": 178.97}, {""security_id"": ""GOOGL"", ""quantity"": 100.0, ""price"": 158.52}, {""security_id"": ""MSFT"", ""quantity"": 100.0, ""price"": 375.77}]"
2024-02-01,FUND1,1008484.23,919660.2,"[{""security_id"": ""AAPL"", ""quantity"": 100.0, ""price"": 182.17}, {""security_id"": ""AMZN"", ""quantity"": 100.0, ""price"": 179.99}, {""security_id"": ""GOOGL"", ""quantity"": 100.0, ""price"": 154.83}, {""security_id"": ""MSFT"", ""quantity"": 100.0, ""price"": 366.35}]"
2024-02-02,FUND1,1007825.09,919660.2,"[{""security_id"": ""AAPL"", ""quantity"": 100.0, ""price"": 181.07}, {""security_id"": ""AMZN"", ""quantity"": 100.0, ""price"": 183.36}, {""security_id"": ""GOOGL"", ""quantity"": 100.0, ""price"": 153.52}, {""security_id"": ""MSFT"", ""quantity"": 100.0, ""price"": 369.4}]"
2024-02-05,FUND1,1008069.52,919660.2,"[{""security_id"": ""AAPL"", ""quantity"": 100.0, ""price"": 182.85}, {""security_id"": ""AMZN"", ""quantity"": 100.0, ""price"": 178.01}, {""security_id"": ""GOOGL"", ""quantity"": 100.0, ""price"": 154.72}, {""security_id"": ""MSFT"", ""quantity"": 100.0, ""price"": 364.16}]"
2024-02-06,FUND1,1007253.27,919660.2,"[{""security_id"": ""AAPL"", ""quantity"": 100.0, ""price"": 184.11}, {""security_id"": ""AMZN"", ""quantity"": 100.0, ""price"": 178.03}, {""security_id"": ""GOOGL"", ""quantity"": 100.0, ""price"": 154.47}, {""security_id"": ""MSFT"", ""quantity"": 100.0, ""price"": 355.94}]"
2024-02-07,FUND1,1007985.06,919660.2,"[{""security_id"": ""AAPL"", ""quantity"": 100.0, ""price"": 185.53}, {""security_id"": ""AMZN"", ""quantity"": 100.0, ""price"": 178.96}, {""security_id"": ""GOOGL"", ""quantity"": 100.0, ""price"": 152.71}, {""security_id"": ""MSFT"", ""quantity"": 100.0, ""price"": 360.64}]"
2024-02-08,FUND1,1008141.29,919660.2,"[{""security_id"": ""AAPL"", ""quantity"": 100.0, ""price"": 187.02}, {""security_id"": ""AMZN"", ""quantity"": 100.0, ""price"": 178.03}, {""security_id"": ""GOOGL"", ""quantity"": 100.0, ""price"": 150.91}, {""security_id"": ""MSFT"", ""quantity"": 100.0, ""price"": 362.3}]"
2024-02-09,FUND1,1007547.06,919660.2,"[{""security_id"": ""AAPL"", ""quantity"": 100.0, ""price"": 194.42}, {""security_id"": ""AMZN"", ""quantity"": 100.0, ""price"": 172.24}, {""security_id"": ""GOOGL"", ""quantity"": 100.0, ""price"": 149.02}, {""security_id"": ""MSFT"", ""quantity"": 100.0, ""price"": 358.41}]"
2024-02-12,FUND1,1007828.12,919660.2,"[{""security_id"": ""AAPL"", ""quantity"": 100.0, ""price"": 193.05}, {""security_id"": ""AMZN"", ""quantity"": 100.0, ""price"": 171.28}, {""security_id"": ""GOOGL"", ""quantity"": 100.0, ""price"": 146.72}, {""security_id"": ""MSFT"", ""quantity"": 100.0, ""price"": 367.98}]"
2024-02-13,FUND1,1007470.92,919660.2,"[{""security_id"": ""AAPL"", ""quantity"": 100.0, ""price"": 191.32}, {""security_id"": ""AMZN"", ""quantity"": 100.0, ""price"": 170.31}, {""security_id"": ""GOOGL"", ""quantity"": 100.0, ""price"": 152.91}, {""security_id"": ""MSFT"", ""quantity"": 100.0, ""price"": 365.17}]"
2024-02-14,FUND1,1007877.2,919660.2,"[{""security_id"": ""AAPL"", ""quantity"": 100.0, ""price"": 188.59}, {""security_id"": ""AMZN"", ""quantity"": 100.0, ""price"": 169.9}, {""security_id"": ""GOOGL"", ""quantity"": 100.0, ""price"": 153.77}, {""security_id"": ""MSFT"", ""quantity"": 100.0, ""price"": 365.47}]"
2024-02-15,FUND1,1008781.22,919660.2,"[{""security_id"": ""AAPL"", ""quantity"": 100.0, ""price"": 190.74}, {""security_id"": ""AMZN"", ""quantity"": 100.0, ""price"": 168.23}, {""security_id"": ""GOOGL"", ""quantity"": 100.0, ""price"": 156.28}, {""security_id"": ""MSFT"", ""quantity"": 100.0, ""price"": 367.33}]"
2024-02-16,FUND1,1007920.31,919660.2,"[{""security_id"": ""AAPL"", ""quantity"": 100.0, ""price"": 194.7}, {""security_id"": ""AMZN"", ""quantity"": 100.0, ""price"": 166.93}, {""security_id"": ""GOOGL"", ""quantity"": 100.0, ""price"": 154.95}, {""security_id"": ""MSFT"", ""quantity"": 100.0, ""price"": 363.35}]"
2024-02-19,FUND1,1008273.24,919660.2,"[{""security_id"": ""AAPL"", ""quantity"": 100.0, ""price"": 194.35}, {""security_id"": ""AMZN"", ""quantity"": 100.0, ""price"": 166.86}, {""security_id"": ""GOOGL"", ""quantity"": 100.0, ""price"": 154.47}, {""security_id"": ""MSFT"", ""quantity"": 100.0, ""price"": 366.54}]"
2024-02-20,FUND1,1007221.85,919660.2,"[{""security_id"": ""AAPL"", ""quantity"": 100.0, ""price"": 191.48}, {""security_id"": ""AMZN"", ""quantity"": 100.0, ""price"": 168.23}, {""security_id"": ""GOOGL"", ""quantity"": 100.0, ""price"": 152.54}, {""security_id"": ""MSFT"", ""quantity"": 100.0, ""price"": 363.12}]"
2024-02-21,FUND1,1006405.43,919660.2,"[{""security_id"": ""AAPL"", ""quantity"": 100.0, ""price"": 188.71}, {""security_id"": ""AMZN"", ""quantity"": 100.0, ""price"": 167.36}, {""security_id"": ""GOOGL"", ""quantity"": 100.0, ""price"": 145.47}, {""security_id"": ""MSFT"", ""quantity"": 100.0, ""price"": 360.53}]"
2024-02-22,FUND1,1007454.75,919660.2,"[{""security_id"": ""AAPL"", ""quantity"": 100.0, ""price"": 190.98}, {""security_id"": ""AMZN"", ""quantity"": 100.0, ""price"": 166.17}, {""security_id"": ""GOOGL"", ""quantity"": 100.0, ""price"": 141.94}, {""security_id"": ""MSFT"", ""quantity"": 100.0, ""price"": 369.58}]"
2024-02-23,FUND1,1005271.64,919660.2,"[{""security_id"": ""AAPL"", ""quantity"": 100.0, ""price"": 193.6}, {""security_id"": ""AMZN"", ""quantity"": 100.0, ""price"": 166.49}, {""security_id"": ""GOOGL"", ""quantity"": 100.0, ""price"": 137.42}, {""security_id"": ""MSFT"", ""quantity"": 100.0, ""price"": 362.81}]"
2024-02-26,FUND1,1002898.42,919660.2,"[{""security_id"": ""AAPL"", ""quantity"": 100.0, ""price"": 195.55}, {""security_id"": ""AMZN"", ""quantity"": 100.0, ""price"": 160.87}, {""security_id"": ""GOOGL"", ""quantity"": 100.0, ""price"": 132.0}, {""security_id"": ""MSFT"", ""quantity"": 100.0, ""price"": 347.48}]"
2024-02-27,FUND1,1004107.54,919660.2,"[{""security_id"": ""AAPL"", ""quantity"": 100.0, ""price"": 193.27}, {""security_id"": ""AMZN"", ""quantity"": 100.0, ""price"": 162.3}, {""security_id"": ""GOOGL"", ""quantity"": 100.0, ""price"": 129.22}, {""security_id"": ""MSFT"", ""quantity"": 100.0, ""price"": 357.79}]"
2024-02-28,FUND1,1006108.2,919660.2,"[{""security_id"": ""AAPL"", ""quantity"": 100.0, ""price"": 194.13}, {""security_id"": ""AMZN"", ""quantity"": 100.0, ""price"": 162.33}, {""security_id"": ""GOOGL"", ""quantity"": 100.0, ""price"": 132.37}, {""security_id"": ""MSFT"", ""quantity"": 100.0, ""price"": 374.69}]"
2024-02-29,FUND1,1006045.37,919660.2,"[{""security_id"": ""AAPL"", ""quantity"": 100.0, ""price"": 194.59}, {""security_id"": ""AMZN"", ""quantity"": 100.0, ""price"": 162.49}, {""security_id"": ""GOOGL"", ""quantity"": 100.0, ""price"": 132.3}, {""security_id"": ""MSFT"", ""quantity"": 100.0, ""price"": 372.06}]"
2024-03-01,FUND1,1014616.0,929660.2,"[{""security_id"": ""AAPL"", ""quantity"": 100.0, ""price"": 195.4}, {""security_id"": ""AMZN"", ""quantity"": 100.0, ""price"": 165.37}, {""security_id"": ""GOOGL"", ""quantity"": 100.0, ""price"": 135.44}, {""security_id"": ""MSFT"", ""quantity"": 100.0, ""price"": 359.4}]"
2024-03-04,FUND1,1014851.09,929660.2,"[{""security_id"": ""AAPL"", ""quantity"": 100.0, ""price"": 198.54}, {""security_id"": ""AMZN"", ""quantity"": 100.0, ""price"": 159.69}, {""security_id"": ""GOOGL"", ""quantity"": 100.0, ""price"": 136.48}, {""security_id"": ""MSFT"", ""quantity"": 100.0, ""price"": 357.48}]"
2024-03-05,FUND1,1014697.25,929660.2,"[{""security_id"": ""AAPL"", ""quantity"": 100.0, ""price"": 199.39}, {""security_id"": ""AMZN"", ""quantity"": 100.0, ""price"": 154.16}, {""security_id"": ""GOOGL"", ""quantity"": 100.0, ""price"": 138.46}, {""security_id"": ""MSFT"", ""quantity"": 100.0, ""price"": 355.74}]"
2024-03-06,FUND1,1014697.84,929660.2,"[{""security_id"": ""AAPL"", ""quantity"": 100.0, ""price"": 201.89}, {""security_id"": ""AMZN"", ""quantity"": 100.0, ""price"": 154.96}, {""security_id"": ""GOOGL"", ""quantity"": 100.0, ""price"": 136.26}, {""security_id"": ""MSFT"", ""quantity"": 100.0, ""price"": 354.61}]"
2024-03-07,FUND1,1014284.82,929660.2,"[{""security_id"": ""AAPL"", ""quantity"": 100.0, ""price"": 202.19}, {""security_id"": ""AMZN"", ""quantity"": 100.0, ""price"": 154.98}, {""security_id"": ""GOOGL"", ""quantity"": 100.0, ""price"": 137.59}, {""security_id"": ""MSFT"", ""quantity"": 100.0, ""price"": 347.66}]"
2024-03-08,FUND1,1015108.09,929660.2,"[{""security_id"": ""AAPL"", ""quantity"": 100.0, ""price"": 203.3}, {""security_id"": ""AMZN"", ""quantity"": 100.0, ""price"": 155.49}, {""security_id"": ""GOOGL"", ""quantity"": 100.0, ""price"": 139.44}, {""security_id"": ""MSFT"", ""quantity"": 100.0, ""price"": 351.4}]"
2024-03-11,FUND1,1015293.44,929660.2,"[{""security_id"": ""AAPL"", ""quantity"": 100.0, ""price"": 205.67}, {""security_id"": ""AMZN"", ""quantity"": 100.0, ""price"": 154.24}, {""security_id"": ""GOOGL"", ""quantity"": 100.0, ""price"": 138.03}, {""security_id"": ""MSFT"", ""quantity"": 100.0, ""price"": 354.82}]"
2024-03-12,FUND1,1014408.41,929660.2,"[{""security_id"": ""AAPL"", ""quantity"": 100.0, ""price"": 200.4}, {""security_id"": ""AMZN"", ""quantity"": 100.0, ""price"": 156.14}, {""security_id"": ""GOOGL"", ""quantity"": 100.0, ""price"": 139.47}, {""security_id"": ""MSFT"", ""quantity"": 100.0, ""price"": 345.49}]"
2024-03-13,FUND1,1014890.1,929660.2,"[{""security_id"": ""AAPL"", ""quantity"": 100.0, ""price"": 199.3}, {""security_id"": ""AMZN"", ""quantity"": 100.0, ""price"": 158.82}, {""security_id"": ""GOOGL"", ""quantity"": 100.0, ""price"": 140.93}, {""security_id"": ""MSFT"", ""quantity"": 100.0, ""price"": 349.95}]"
2024-03-14,FUND1,1015919.51,929660.2,"[{""security_id"": ""AAPL"", ""quantity"": 100.0, ""price"": 197.67}, {""security_id"": ""AMZN"", ""quantity"": 100.0, ""price"": 160.25}, {""security_id"": ""GOOGL"", ""quantity"": 100.0, ""price"": 139.58}, {""security_id"": ""MSFT"", ""quantity"": 100.0, ""price"": 363.21}]"
2024-03-15,FUND1,1015584.08,929660.2,"[{""security_id"": ""AAPL"", ""quantity"": 100.0, ""price"": 195.45}, {""security_id"": ""AMZN"", ""quantity"": 100.0, ""price"": 159.54}, {""security_id"": ""GOOGL"", ""quantity"": 100.0, ""price"": 136.82}, {""security_id"": ""MSFT"", ""quantity"": 100.0, ""price"": 364.43}]"
2024-03-18,FUND1,1013586.38,929660.2,"[{""security_id"": ""AAPL"", ""quantity"": 100.0, ""price"": 194.54}, {""security_id"": ""AMZN"", ""quantity"": 100.0, ""price"": 153.64}, {""security_id"": ""GOOGL"", ""quantity"": 100.0, ""price"": 133.97}, {""security_id"": ""MSFT"", ""quantity"": 100.0, ""price"": 362.31}]"
2024-03-19,FUND1,1014559.18,929660.2,"[{""security_id"": ""AAPL"", ""quantity"": 100.0, ""price"": 199.89}, {""security_id"": ""AMZN"", ""quantity"": 100.0, ""price"": 155.82}, {""security_id"": ""GOOGL"", ""quantity"": 100.0, ""price"": 134.21}, {""security_id"": ""MSFT"", ""quantity"": 100.0, ""price"": 361.48}]"
2024-03-20,FUND1,1015513.07,929660.2,"[{""security_id"": ""AAPL"", ""quantity"": 100.0, ""price"": 196.85}, {""security_id"": ""AMZN"", ""quantity"": 100.0, ""price"": 159.32}, {""security_id"": ""GOOGL"", ""quantity"": 100.0, ""price"": 135.04}, {""security_id"": ""MSFT"", ""quantity"": 100.0, ""price"": 365.6}]"
2024-03-21,FUND1,1015314.11,929660.2,"[{""security_id"": ""AAPL"", ""quantity"": 100.0, ""price"": 200.36}, {""security_id"": ""AMZN"", ""quantity"": 100.0, ""price"": 161.22}, {""security_id"": ""GOOGL"", ""quantity"": 100.0, ""price"": 133.16}, {""security_id"": ""MSFT"", ""quantity"": 100.0, ""price"": 354.47}]"
2024-03-22,FUND1,1014280.04,929660.2,"[{""security_id"": ""AAPL"", ""quantity"": 100.0, ""price"": 194.43}, {""security_id"": ""AMZN"", ""quantity"": 100.0, ""price"": 158.73}, {""security_id"": ""GOOGL"", ""quantity"": 100.0, ""price"": 133.25}, {""security_id"": ""MSFT"", ""quantity"": 100.0, ""price"": 355.61}]"
2024-03-25,FUND1,1013312.04,929660.2,"[{""security_id"": ""AAPL"", ""quantity"": 100.0, ""price"": 193.31}, {""security_id"": ""AMZN"", ""quantity"": 100.0, ""price"": 160.71}, {""security_id"": ""GOOGL"", ""quantity"": 100.0, ""price"": 134.66}, {""security_id"": ""MSFT"", ""quantity"": 100.0, ""price"": 353.21}]"
2024-03-26,FUND1,1015801.5,929660.2,"[{""security_id"": ""AAPL"", ""quantity"": 100.0, ""price"": 193.93}, {""security_id"": ""AMZN"", ""quantity"": 100.0, ""price"": 163.26}, {""security_id"": ""GOOGL"", ""quantity"": 100.0, ""price"": 136.2}, {""security_id"": ""MSFT"", ""quantity"": 100.0, ""price"": 365.25}]"
2024-03-27,FUND1,1016161.93,929660.2,"[{""security_id"": ""AAPL"", ""quantity"": 100.0, ""price"": 196.03}, {""security_id"": ""AMZN"", ""quantity"": 100.0, ""price"": 167.95}, {""security_id"": ""GOOGL"", ""quantity"": 100.0, ""price"": 140.1}, {""security_id"": ""MSFT"", ""quantity"": 100.0, ""price"": 364.19}]"
2024-03-28,FUND1,1018443.74,929660.2,"[{""security_id"": ""AAPL"", ""quantity"": 100.0, ""price"": 198.61}, {""security_id"": ""AMZN"", ""quantity"": 100.0, ""price"": 165.36}, {""security_id"": ""GOOGL"", ""quantity"": 100.0, ""price"": 143.39}, {""security_id"": ""MSFT"", ""quantity"": 100.0, ""price"": 375.39}]"
2024-03-29,FUND1,1018716.3,930535.4,"[{""security_id"": ""AAPL"", ""quantity"": 100.0, ""price"": 201.52}, {""security_id"": ""AMZN"", ""quantity"": 100.0, ""price"": 164.73}, {""security_id"": ""GOOGL"", ""quantity"": 100.0, ""price"": 140.86}, {""security_id"": ""MSFT"", ""quantity"": 100.0, ""price"": 368.09}]"
2024-04-01,FUND1,1029282.13,940535.4,"[{""security_id"": ""AAPL"", ""quantity"": 100.0, ""price"": 200.31}, {""security_id"": ""AMZN"", ""quantity"": 100.0, ""price"": 167.0}, {""security_id"": ""GOOGL"", ""quantity"": 100.0, ""price"": 145.23}, {""security_id"": ""MSFT"", ""quantity"": 100.0, ""price"": 372.1}]"
2024-04-02,FUND1,1029228.67,940535.4,"[{""security_id"": ""AAPL"", ""quantity"": 100.0, ""price"": 198.7}, {""security_id"": ""AMZN"", ""quantity"": 100.0, ""price"": 167.21}, {""security_id"": ""GOOGL"", ""quantity"": 100.0, ""price"": 143.89}, {""security_id"": ""MSFT"", ""quantity"": 100.0, ""price"": 374.34}]"
2024-04-03,FUND1,1028503.56,940535.4,"[{""security_id"": ""AAPL"", ""quantity"": 100.0, ""price"": 201.84}, {""security_id"": ""AMZN"", ""quantity"": 100.0, ""price"": 163.93}, {""security_id"": ""GOOGL"", ""quantity"": 100.0, ""price"": 146.66}, {""security_id"": ""MSFT"", ""quantity"": 100.0, ""price"": 368.62}]"
2024-04-04,FUND1,1028889.75,940535.4,"[{""security_id"": ""AAPL"", ""quantity"": 100.0, ""price"": 201.19}, {""security_id"": ""AMZN"", ""quantity"": 100.0, ""price"": 165.19}, {""security_id"": ""GOOGL"", ""quantity"": 100.0, ""price"": 146.87}, {""security_id"": ""MSFT"", ""quantity"": 100.0, ""price"": 369.89}]"
2024-04-05,FUND1,1030025.96,940535.4,"[{""security_id"": ""AAPL"", ""quantity"": 100.0, ""price"": 196.68}, {""security_id"": ""AMZN"", ""quantity"": 100.0, ""price"": 166.97}, {""security_id"": ""GOOGL"", ""quantity"": 100.0, ""price"": 145.82}, {""security_id"": ""MSFT"", ""quantity"": 100.0, ""price"": 378.15}]"
2024-04-08,FUND1,1028756.7,940535.4,"[{""security_id"": ""AAPL"", ""quantity"": 100.0, ""price"": 192.75}, {""security_id"": ""AMZN"", ""quantity"": 100.0, ""price"": 167.27}, {""security_id"": ""GOOGL"", ""quantity"": 100.0, ""price"": 141.19}, {""security_id"": ""MSFT"", ""quantity"": 100.0, ""price"": 376.04}]"
2024-04-09,FUND1,1027023.7,940535.4,"[{""security_id"": ""AAPL"", ""quantity"": 100.0, ""price"": 189.64}, {""security_id"": ""AMZN"", ""quantity"": 100.0, ""price"": 167.98}, {""security_id"": ""GOOGL"", ""quantity"": 100.0, ""price"": 140.79}, {""security_id"": ""MSFT"", ""quantity"": 100.0, ""price"": 364.86}]"
2024-04-10,FUND1,1026486.78,940535.4,"[{""security_id"": ""AAPL"", ""quantity"": 100.0, ""price"": 191.39}, {""security_id"": ""AMZN"", ""quantity"": 100.0, ""price"": 167.24}, {""security_id"": ""GOOGL"", ""quantity"": 100.0, ""price"": 136.93}, {""security_id"": ""MSFT"", ""quantity"": 100.0, ""price"": 364.83}]"
2024-04-11,FUND1,1026138.51,940535.4,"[{""security_id"": ""AAPL"", ""quantity"": 100.0, ""price"": 191.93}, {""security_id"": ""AMZN"", ""quantity"": 100.0, ""price"": 171.79}, {""security_id"": ""GOOGL"", ""quantity"": 100.0, ""price"": 139.37}, {""security_id"": ""MSFT"", ""quantity"": 100.0, ""price"": 359.04}]"
2024-04-12,FUND1,1026441.61,940535.4,"[{""security_id"": ""AAPL"", ""quantity"": 100.0, ""price"": 194.38}, {""security_id"": ""AMZN"", ""quantity"": 100.0, ""price"": 169.07}, {""security_id"": ""GOOGL"", ""quantity"": 100.0, ""price"": 143.26}, {""security_id"": ""MSFT"", ""quantity"": 100.0, ""price"": 356.93}]"
2024-04-15,FUND1,1025962.08,940535.4,"[{""security_id"": ""AAPL"", ""quantity"": 100.0, ""price"": 192.94}, {""security_id"": ""AMZN"", ""quantity"": 100.0, ""price"": 167.33}, {""security_id"": ""GOOGL"", ""quantity"": 100.0, ""price"": 141.26}, {""security_id"": ""MSFT"", ""quantity"": 100.0, ""price"": 356.49}]"
2024-04-16,FUND1,1025337.48,940535.4,"[{""security_id"": ""AAPL"", ""quantity"": 100.0, ""price"": 193.54}, {""security_id"": ""AMZN"", ""quantity"": 100.0, ""price"": 167.41}, {""security_id"": ""GOOGL"", ""quantity"": 100.0, ""price"": 142.06}, {""security_id"": ""MSFT"", ""quantity"": 100.0, ""price"": 345.8}]"
2024-04-17,FUND1,1025604.55,940535.4,"[{""security_id"": ""AAPL"", ""quantity"": 100.0, ""price"": 195.78}, {""security_id"": ""AMZN"", ""quantity"": 100.0, ""price"": 170.12}, {""security_id"": ""GOOGL"", ""quantity"": 100.0, ""price"": 140.25}, {""security_id"": ""MSFT"", ""quantity"": 100.0, ""price"": 335.97}]"
2024-04-18,FUND1,1024479.69,940535.4,"[{""security_id"": ""AAPL"", ""quantity"": 100.0, ""price"": 194.74}, {""security_id"": ""AMZN"", ""quantity"": 100.0, ""price"": 165.64}, {""security_id"": ""GOOGL"", ""quantity"": 100.0, ""price"": 138.71}, {""security_id"": ""MSFT"", ""quantity"": 100.0, ""price"": 338.98}]"
2024-04-19,FUND1,1023709.74,940535.4,"[{""security_id"": ""AAPL"", ""quantity"": 100.0, ""price"": 196.4}, {""security_id"": ""AMZN"", ""quantity"": 100.0, ""price"": 161.82}, {""security_id"": ""GOOGL"", ""quantity"": 100.0, ""price"": 140.69}, {""security_id"": ""MSFT"", ""quantity"": 100.0, ""price"": 335.89}]"
2024-04-22,FUND1,1021179.67,940535.4,"[{""security_id"": ""AAPL"", ""quantity"": 100.0, ""price"": 194.12}, {""security_id"": ""AMZN"", ""quantity"": 100.0, ""price"": 156.03}, {""security_id"": ""GOOGL"", ""quantity"": 100.0, ""price"": 140.63}, {""security_id"": ""MSFT"", ""quantity"": 100.0, ""price"": 320.82}]"
2024-04-23,FUND1,1022366.67,940535.4,"[{""security_id"": ""AAPL"", ""quantity"": 100.0, ""price"": 192.9}, {""security_id"": ""AMZN"", ""quantity"": 100.0, ""price"": 156.16}, {""security_id"": ""GOOGL"", ""quantity"": 100.0, ""price"": 145.14}, {""security_id"": ""MSFT"", ""quantity"": 100.0, ""price"": 325.47}]"
2024-04-24,FUND1,1022759.65,940535.4,"[{""security_id"": ""AAPL"", ""quantity"": 100.0, ""price"": 191.63}, {""security_id"": ""AMZN"", ""quantity"": 100.0, ""price"": 153.09}, {""security_id"": ""GOOGL"", ""quantity"": 100.0, ""price"": 143.92}, {""security_id"": ""MSFT"", ""quantity"": 100.0, ""price"": 327.15}]"
2024-04-25,FUND1,1021401.56,940535.4,"[{""security_id"": ""AAPL"", ""quantity"": 100.0, ""price"": 187.59}, {""security_id"": ""AMZN"", ""quantity"": 100.0, ""price"": 152.07}, {""security_id"": ""GOOGL"", ""quantity"": 100.0, ""price"": 146.57}, {""security_id"": ""MSFT"", ""quantity"": 100.0, ""price"": 323.05}]"
2024-04-26,FUND1,1021674.51,940535.4,"[{""security_id"": ""AAPL"", ""quantity"": 100.0, ""price"": 189.29}, {""security_id"": ""AMZN"", ""quantity"": 100.0, ""price"": 153.93}, {""security_id"": ""GOOGL"", ""quantity"": 100.0, ""price"": 146.87}, {""security_id"": ""MSFT"", ""quantity"": 100.0, ""price"": 315.56}]"
2024-04-29,FUND1,1022099.03,940535.4,"[{""security_id"": ""AAPL"", ""quantity"": 100.0, ""price"": 187.75}, {""security_id"": ""AMZN"", ""quantity"": 100.0, ""price"": 152.2}, {""security_id"": ""GOOGL"", ""quantity"": 100.0, ""price"": 149.02}, {""security_id"": ""MSFT"", ""quantity"": 100.0, ""price"": 320.43}]"
2024-04-30,FUND1,1021138.0,940535.4,"[{""security_id"": ""AAPL"", ""quantity"": 100.0, ""price"": 187.84}, {""security_id"": ""AMZN"", ""quantity"": 100.0, ""price"": 152.87}, {""security_id"": ""GOOGL"", ""quantity"": 100.0, ""price"": 147.86}, {""security_id"": ""MSFT"", ""quantity"": 100.0, ""price"": 322.53}]"
2024-05-01,FUND1,1033458.25,950535.4,"[{""security_id"": ""AAPL"", ""quantity"": 100.0, ""price"": 189.52}, {""security_id"": ""AMZN"", ""quantity"": 100.0, ""price"": 152.09}, {""security_id"": ""GOOGL"", ""quantity"": 100.0, ""price"": 147.77}, {""security_id"": ""MSFT"", ""quantity"": 100.0, ""price"": 336.75}]"
2024-05-02,FUND1,1034621.04,950535.4,"[{""security_id"": ""AAPL"", ""quantity"": 100.0, ""price"": 191.09}, {""security_id"": ""AMZN"", ""quantity"": 100.0, ""price"": 153.98}, {""security_id"": ""GOOGL"", ""quantity"": 100.0, ""price"": 147.5}, {""security_id"": ""MSFT"", ""quantity"": 100.0, ""price"": 339.39}]"
2024-05-03,FUND1,1034100.67,950535.4,"[{""security_id"": ""AAPL"", ""quantity"": 100.0, ""price"": 193.45}, {""security_id"": ""AMZN"", ""quantity"": 100.0, ""price"": 155.34}, {""security_id"": ""GOOGL"", ""quantity"": 100.0, ""price"": 145.33}, {""security_id"": ""MSFT"", ""quantity"": 100.0, ""price"": 341.85}]"
2024-05-06,FUND1,1033385.6,950535.4,"[{""security_id"": ""AAPL"", ""quantity"": 100.0, ""price"": 193.15}, {""security_id"": ""AMZN"", ""quantity"": 100.0, ""price"": 153.46}, {""security_id"": ""GOOGL"", ""quantity"": 100.0, ""price"": 147.11}, {""security_id"": ""MSFT"", ""quantity"": 100.0, ""price"": 340.91}]"
2024-05-07,FUND1,1035334.35,950535.4,"[{""security_id"": ""AAPL"", ""quantity"": 100.0, ""price"": 191.73}, {""security_id"": ""AMZN"", ""quantity"": 100.0, ""price"": 153.03}, {""security_id"": ""GOOGL"", ""quantity"": 100.0, ""price"": 148.88}, {""security_id"": ""MSFT"", ""quantity"": 100.0, ""price"": 346.04}]"
2024-05-08,FUND1,1036106.25,950535.4,"[{""security_id"": ""AAPL"", ""quantity"": 100.0, ""price"": 191.51}, {""security_id"": ""AMZN"", ""quantity"": 100.0, ""price"": 155.97}, {""security_id"": ""GOOGL"", ""quantity"": 100.0, ""price"": 150.52}, {""security_id"": ""MSFT"", ""quantity"": 100.0, ""price"": 350.05}]"
2024-05-09,FUND1,1036285.32,950535.4,"[{""security_id"": ""AAPL"", ""quantity"": 100.0, ""price"": 185.82}, {""security_id"": ""AMZN"", ""quantity"": 100.0, ""price"": 157.12}, {""security_id"": ""GOOGL"", ""quantity"": 100.0, ""price"": 154.78}, {""security_id"": ""MSFT"", ""quantity"": 100.0, ""price"": 358.11}]"
2024-05-10,FUND1,1035563.18,950535.4,"[{""security_id"": ""AAPL"", ""quantity"": 100.0, ""price"": 181.09}, {""security_id"": ""AMZN"", ""quantity"": 100.0, ""price"": 153.25}, {""security_id"": ""GOOGL"", ""quantity"": 100.0, ""price"": 158.91}, {""security_id"": ""MSFT"", ""quantity"": 100.0, ""price"": 354.86}]"
2024-05-13,FUND1,1034391.31,950535.4,"[{""security_id"": ""AAPL"", ""quantity"": 100.0, ""price"": 176.87}, {""security_id"": ""AMZN"", ""quantity"": 100.0, ""price"": 155.11}, {""security_id"": ""GOOGL"", ""quantity"": 100.0, ""price"": 157.88}, {""security_id"": ""MSFT"", ""quantity"": 100.0, ""price"": 352.17}]"
2024-05-14,FUND1,1034608.15,950535.4,"[{""security_id"": ""AAPL"", ""quantity"": 100.0, ""price"": 173.77}, {""security_id"": ""AMZN"", ""quantity"": 100.0, ""price"": 152.15}, {""security_id"": ""GOOGL"", ""quantity"": 100.0, ""price"": 158.98}, {""security_id"": ""MSFT"", ""quantity"": 100.0, ""price"": 349.24}]"
2024-05-15,FUND1,1034939.29,950535.4,"[{""security_id"": ""AAPL"", ""quantity"": 100.0, ""price"": 175.07}, {""security_id"": ""AMZN"", ""quantity"": 100.0, ""price"": 156.11}, {""security_id"": ""GOOGL"", ""quantity"": 100.0, ""price"": 157.25}, {""security_id"": ""MSFT"", ""quantity"": 100.0, ""price"": 354.33}]"
2024-05-16,FUND1,1035172.01,950535.4,"[{""security_id"": ""AAPL"", ""quantity"": 100.0, ""price"": 172.28}, {""security_id"": ""AMZN"", ""quantity"": 100.0, ""price"": 159.05}, {""security_id"": ""GOOGL"", ""quantity"": 100.0, ""price"": 157.35}, {""security_id"": ""MSFT"", ""quantity"": 100.0, ""price"": 364.11}]"
2024-05-17,FUND1,1035767.82,950535.4,"[{""security_id"": ""AAPL"", ""quantity"": 100.0, ""price"": 171.16}, {""security_id"": ""AMZN"", ""quantity"": 100.0, ""price"": 159.92}, {""security_id"": ""GOOGL"", ""quantity"": 100.0, ""price"": 155.7}, {""security_id"": ""MSFT"", ""quantity"": 100.0, ""price"": 361.21}]"
2024-05-20,FUND1,1036868.44,950535.4,"[{""security_id"": ""AAPL"", ""quantity"": 100.0, ""price"": 175.25}, {""security_id"": ""AMZN"", ""quantity"": 100.0, ""price"": 160.42}, {""security_id"": ""GOOGL"", ""quantity"": 100.0, ""price"": 160.35}, {""security_id"": ""MSFT"", ""quantity"": 100.0, ""price"": 358.54}]"
2024-05-21,FUND1,1036825.36,950535.4,"[{""security_id"": ""AAPL"", ""quantity"": 100.0, ""price"": 174.17}, {""security_id"": ""AMZN"", ""quantity"": 100.0, ""price"": 159.86}, {""security_id"": ""GOOGL"", ""quantity"": 100.0, ""price"": 161.44}, {""security_id"": ""MSFT"", ""quantity"": 100.0, ""price"": 360.67}]"
2024-05-22,FUND1,1036139.11,950535.4,"[{""security_id"": ""AAPL"", ""quantity"": 100.0, ""price"": 176.55}, {""security_id"": ""AMZN"", ""quantity"": 100.0, ""price"": 161.86}, {""security_id"": ""GOOGL"", ""quantity"": 100.0, ""price"": 160.85}, {""security_id"": ""MSFT"", ""quantity"": 100.0, ""price"": 359.17}]"
2024-05-23,FUND1,1036357.42,950535.4,"[{""security_id"": ""AAPL"", ""quantity"": 100.0, ""price"": 173.65}, {""security_id"": ""AMZN"", ""quantity"": 100.0, ""price"": 160.82}, {""security_id"": ""GOOGL"", ""quantity"": 100.0, ""price"": 164.39}, {""security_id"": ""MSFT"", ""quantity"": 100.0, ""price"": 365.47}]"
2024-05-24,FUND1,1035771.86,950535.4,"[{""security_id"": ""AAPL"", ""quantity"": 100.0, ""price"": 173.05}, {""security_id"": ""AMZN"", ""quantity"": 100.0, ""price"": 161.55}, {""security_id"": ""GOOGL"", ""quantity"": 100.0, ""price"": 158.13}, {""security_id"": ""MSFT"", ""quantity"": 100.0, ""price"": 351.04}]"
2024-05-27,FUND1,1034665.65,950535.4,"[{""security_id"": ""AAPL"", ""quantity"": 100.0, ""price"": 170.16}, {""security_id"": ""AMZN"", ""quantity"": 100.0, ""price"": 164.14}, {""security_id"": ""GOOGL"", ""quantity"": 100.0, ""price"": 152.53}, {""security_id"": ""MSFT"", ""quantity"": 100.0, ""price"": 345.94}]"
2024-05-28,FUND1,1033483.21,950535.4,"[{""security_id"": ""AAPL"", ""quantity"": 100.0, ""price"": 169.16}, {""security_id"": ""AMZN"", ""quantity"": 100.0, ""price"": 162.53}, {""security_id"": ""GOOGL"", ""quantity"": 100.0, ""price"": 154.77}, {""security_id"": ""MSFT"", ""quantity"": 100.0, ""price"": 341.18}]"
2024-05-29,FUND1,1032386.64,950535.4,"[{""security_id"": ""AAPL"", ""quantity"": 100.0, ""price"": 171.79}, {""security_id"": ""AMZN"", ""quantity"": 100.0, ""price"": 160.78}, {""security_id"": ""GOOGL"", ""quantity"": 100.0, ""price"": 154.98}, {""security_id"": ""MSFT"", ""quantity"": 100.0, ""price"": 327.31}]"
2024-05-30,FUND1,1030748.93,950535.4,"[{""security_id"": ""AAPL"", ""quantity"": 100.0, ""price"": 166.57}, {""security_id"": ""AMZN"", ""quantity"": 100.0, ""price"": 157.4}, {""security_id"": ""GOOGL"", ""quantity"": 100.0, ""price"": 155.72}, {""security_id"": ""MSFT"", ""quantity"": 100.0, ""price"": 321.76}]"
2024-05-31,FUND1,1029636.41,950535.4,"[{""security_id"": ""AAPL"", ""quantity"": 100.0, ""price"": 167.92}, {""security_id"": ""AMZN"", ""quantity"": 100.0, ""price"": 154.45}, {""security_id"": ""GOOGL"", ""quantity"": 100.0, ""price"": 152.08}, {""security_id"": ""MSFT"", ""quantity"": 100.0, ""price"": 316.58}]"
2024-06-03,FUND1,1038609.2,960535.4,"[{""security_id"": ""AAPL"", ""quantity"": 100.0, ""price"": 168.68}, {""security_id"": ""AMZN"", ""quantity"": 100.0, ""price"": 149.49}, {""security_id"": ""GOOGL"", ""quantity"": 100.0, ""price"": 152.06}, {""security_id"": ""MSFT"", ""quantity"": 100.0, ""price"": 315.52}]"
2024-06-04,FUND1,1039804.67,960535.4,"[{""security_id"": ""AAPL"", ""quantity"": 100.0, ""price"": 166.93}, {""security_id"": ""AMZN"", ""quantity"": 100.0, ""price"": 151.5}, {""security_id"": ""GOOGL"", ""quantity"": 100.0, ""price"": 157.68}, {""security_id"": ""MSFT"", ""quantity"": 100.0, ""price"": 321.98}]"
2024-06-05,FUND1,1040218.96,960535.4,"[{""security_id"": ""AAPL"", ""quantity"": 100.0, ""price"": 162.68}, {""security_id"": ""AMZN"", ""quantity"": 100.0, ""price"": 156.56}, {""security_id"": ""GOOGL"", ""quantity"": 100.0, ""price"": 160.08}, {""security_id"": ""MSFT"", ""quantity"": 100.0, ""price"": 320.65}]"
2024-06-06,FUND1,1041131.46,960535.4,"[{""security_id"": ""AAPL"", ""quantity"": 100.0, ""price"": 162.93}, {""security_id"": ""AMZN"", ""quantity"": 100.0, ""price"": 160.67}, {""security_id"": ""GOOGL"", ""quantity"": 100.0, ""price"": 160.61}, {""security_id"": ""MSFT"", ""quantity"": 100.0, ""price"": 314.83}]"
2024-06-07,FUND1,1039224.75,960535.4,"[{""security_id"": ""AAPL"", ""quantity"": 100.0, ""price"": 161.43}, {""security_id"": ""AMZN"", ""quantity"": 100.0, ""price"": 156.07}, {""security_id"": ""GOOGL"", ""quantity"": 100.0, ""price"": 159.38}, {""security_id"": ""MSFT"", ""quantity"": 100.0, ""price"": 314.59}]"
2024-06-10,FUND1,1040138.95,960535.4,"[{""security_id"": ""AAPL"", ""quantity"": 100.0, ""price"": 162.14}, {""security_id"": ""AMZN"", ""quantity"": 100.0, ""price"": 158.16}, {""security_id"": ""GOOGL"", ""quantity"": 100.0, ""price"": 158.3}, {""security_id"": ""MSFT"", ""quantity"": 100.0, ""price"": 320.67}]"
2024-06-11,FUND1,1039956.86,960535.4,"[{""security_id"": ""AAPL"", ""quantity"": 100.0, ""price"": 162.25}, {""security_id"": ""AMZN"", ""quantity"": 100.0, ""price"": 162.3}, {""security_id"": ""GOOGL"", ""quantity"": 100.0, ""price"": 152.38}, {""security_id"": ""MSFT"", ""quantity"": 100.0, ""price"": 315.16}]"
2024-06-12,FUND1,1039322.05,960535.4,"[{""security_id"": ""AAPL"", ""quantity"": 100.0, ""price"": 167.04}, {""security_id"": ""AMZN"", ""quantity"": 100.0, ""price"": 161.01}, {""security_id"": ""GOOGL"", ""quantity"": 100.0, ""price"": 153.13}, {""security_id"": ""MSFT"", ""quantity"": 100.0, ""price"": 310.11}]"
2024-06-13,FUND1,1039762.38,960535.4,"[{""security_id"": ""AAPL"", ""quantity"": 100.0, ""price"": 166.36}, {""security_id"": ""AMZN"", ""quantity"": 100.0, ""price"": 161.35}, {""security_id"": ""GOOGL"", ""quantity"": 100.0, ""price"": 155.52}, {""security_id"": ""MSFT"", ""quantity"": 100.0, ""price"": 313.33}]"
2024-06-14,FUND1,1039011.23,960535.4,"[{""security_id"": ""AAPL"", ""quantity"": 100.0, ""price"": 163.36}, {""security_id"": ""AMZN"", ""quantity"": 100.0, ""price"": 155.66}, {""security_id"": ""GOOGL"", ""quantity"": 100.0, ""price"": 151.21}, {""security_id"": ""MSFT"", ""quantity"": 100.0, ""price"": 312.16}]"
2024-06-17,FUND1,1039020.65,960535.4,"[{""security_id"": ""AAPL"", ""quantity"": 100.0, ""price"": 163.93}, {""security_id"": ""AMZN"", ""quantity"": 100.0, ""price"": 156.45}, {""security_id"": ""GOOGL"", ""quantity"": 100.0, ""price"": 149.45}, {""security_id"": ""MSFT"", ""quantity"": 100.0, ""price"": 315.9}]"
2024-06-18,FUND1,1038921.65,960535.4,"[{""security_id"": ""AAPL"", ""quantity"": 100.0, ""price"": 164.62}, {""security_id"": ""AMZN"", ""quantity"": 100.0, ""price"": 153.52}, {""security_id"": ""GOOGL"", ""quantity"": 100.0, ""price"": 146.41}, {""security_id"": ""MSFT"", ""quantity"": 100.0, ""price"": 315.9}]"
2024-06-19,FUND1,1040028.46,960535.4,"[{""security_id"": ""AAPL"", ""quantity"": 100.0, ""price"": 168.74}, {""security_id"": ""AMZN"", ""quantity"": 100.0, ""price"": 154.11}, {""security_id"": ""GOOGL"", ""quantity"": 100.0, ""price"": 143.92}, {""security_id"": ""MSFT"", ""quantity"": 100.0, ""price"": 319.99}]"
2024-06-20,FUND1,1038035.01,960535.4,"[{""security_id"": ""AAPL"", ""quantity"": 100.0, ""price"": 171.34}, {""security_id"": ""AMZN"", ""quantity"": 100.0, ""price"": 149.88}, {""security_id"": ""GOOGL"", ""quantity"": 100.0, ""price"": 144.1}, {""security_id"": ""MSFT"", ""quantity"": 100.0, ""price"": 314.16}]"
2024-06-21,FUND1,1039041.85,960535.4,"[{""security_id"": ""AAPL"", ""quantity"": 100.0, ""price"": 172.49}, {""security_id"": ""AMZN"", ""quantity"": 100.0, ""price"": 151.39}, {""security_id"": ""GOOGL"", ""quantity"": 100.0, ""price"": 138.83}, {""security_id"": ""MSFT"", ""quantity"": 100.0, ""price"": 314.17}]"
2024-06-24,FUND1,1039820.18,960535.4,"[{""security_id"": ""AAPL"", ""quantity"": 100.0, ""price"": 177.14}, {""security_id"": ""AMZN"", ""quantity"": 100.0, ""price"": 154.24}, {""security_id"": ""GOOGL"", ""quantity"": 100.0, ""price"": 140.4}, {""security_id"": ""MSFT"", ""quantity"": 100.0, ""price"": 313.06}]"
2024-06-25,FUND1,1038640.58,960535.4,"[{""security_id"": ""AAPL"", ""quantity"": 100.0, ""price"": 173.43}, {""security_id"": ""AMZN"", ""quantity"": 100.0, ""price"": 152.12}, {""security_id"": ""GOOGL"", ""quantity"": 100.0, ""price"": 142.36}, {""security_id"": ""MSFT"", ""quantity"": 100.0, ""price"": 306.36}]"
2024-06-26,FUND1,1036909.75,960535.4,"[{""security_id"": ""AAPL"", ""quantity"": 100.0, ""price"": 171.49}, {""security_id"": ""AMZN"", ""quantity"": 100.0, ""price"": 149.08}, {""security_id"": ""GOOGL"", ""quantity"": 100.0, ""price"": 141.75}, {""security_id"": ""MSFT"", ""quantity"": 100.0, ""price"": 297.93}]"
2024-06-27,FUND1,1035809.06,960535.4,"[{""security_id"": ""AAPL"", ""quantity"": 100.0, ""price"": 168.69}, {""security_id"": ""AMZN"", ""quantity"": 100.0, ""price"": 143.44}, {""security_id"": ""GOOGL"", ""quantity"": 100.0, ""price"": 135.59}, {""security_id"": ""MSFT"", ""quantity"": 100.0, ""price"": 301.71}]"
2024-06-28,FUND1,1035987.25,961278.86,"[{""security_id"": ""AAPL"", ""quantity"": 100.0, ""price"": 167.56}, {""security_id"": ""AMZN"", ""quantity"": 100.0, ""price"": 142.79}, {""security_id"": ""GOOGL"", ""quantity"": 100.0, ""price"": 133.22}, {""security_id"": ""MSFT"", ""quantity"": 100.0, ""price"": 299.89}]"
2024-07-01,FUND1,1045287.41,971278.86,"[{""security_id"": ""AAPL"", ""quantity"": 100.0, ""price"": 163.5}, {""security_id"": ""AMZN"", ""quantity"": 100.0, ""price"": 141.34}, {""security_id"": ""GOOGL"", ""quantity"": 100.0, ""price"": 136.24}, {""security_id"": ""MSFT"", ""quantity"": 100.0, ""price"": 294.49}]"
2024-07-02,FUND1,1043263.19,971278.86,"[{""security_id"": ""AAPL"", ""quantity"": 100.0, ""price"": 165.42}, {""security_id"": ""AMZN"", ""quantity"": 100.0, ""price"": 137.48}, {""security_id"": ""GOOGL"", ""quantity"": 100.0, ""price"": 129.63}, {""security_id"": ""MSFT"", ""quantity"": 100.0, ""price"": 294.06}]"
2024-07-03,FUND1,1045422.59,971278.86,"[{""security_id"": ""AAPL"", ""quantity"": 100.0, ""price"": 164.8}, {""security_id"": ""AMZN"", ""quantity"": 100.0, ""price"": 138.64}, {""security_id"": ""GOOGL"", ""quantity"": 100.0, ""price"": 128.85}, {""security_id"": ""MSFT"", ""quantity"": 100.0, ""price"": 300.16}]"
2024-07-04,FUND1,1042797.72,971278.86,"[{""security_id"": ""AAPL"", ""quantity"": 100.0, ""price"": 160.53}, {""security_id"": ""AMZN"", ""quantity"": 100.0, ""price"": 137.56}, {""security_id"": ""GOOGL"", ""quantity"": 100.0, ""price"": 126.18}, {""security_id"": ""MSFT"", ""quantity"": 100.0, ""price"": 288.16}]"
2024-07-05,FUND1,1042003.96,971278.86,"[{""security_id"": ""AAPL"", ""quantity"": 100.0, ""price"": 157.66}, {""security_id"": ""AMZN"", ""quantity"": 100.0, ""price"": 134.95}, {""security_id"": ""GOOGL"", ""quantity"": 100.0, ""price"": 128.05}, {""security_id"": ""MSFT"", ""quantity"": 100.0, ""price"": 280.57}]"
2024-07-08,FUND1,1040686.53,971278.86,"[{""security_id"": ""AAPL"", ""quantity"": 100.0, ""price"": 158.6}, {""security_id"": ""AMZN"", ""quantity"": 100.0, ""price"": 133.64}, {""security_id"": ""GOOGL"", ""quantity"": 100.0, ""price"": 126.53}, {""security_id"": ""MSFT"", ""quantity"": 100.0, ""price"": 276.02}]"
2024-07-09,FUND1,1041425.79,971278.86,"[{""security_id"": ""AAPL"", ""quantity"": 100.0, ""price"": 161.05}, {""security_id"": ""AMZN"", ""quantity"": 100.0, ""price"": 136.28}, {""security_id"": ""GOOGL"", ""quantity"": 100.0, ""price"": 127.49}, {""security_id"": ""MSFT"", ""quantity"": 100.0, ""price"": 283.45}]"
2024-07-10,FUND1,1043285.16,971278.86,"[{""security_id"": ""AAPL"", ""quantity"": 100.0, ""price"": 166.98}, {""security_id"": ""AMZN"", ""quantity"": 100.0, ""price"": 137.8}, {""security_id"": ""GOOGL"", ""quantity"": 100.0, ""price"": 128.83}, {""security_id"": ""MSFT"", ""quantity"": 100.0, ""price"": 284.96}]"
2024-07-11,FUND1,1044995.93,971278.86,"[{""security_id"": ""AAPL"", ""quantity"": 100.0, ""price"": 176.02}, {""security_id"": ""AMZN"", ""quantity"": 100.0, ""price"": 137.51}, {""security_id"": ""GOOGL"", ""quantity"": 100.0, ""price"": 133.19}, {""security_id"": ""MSFT"", ""quantity"": 100.0, ""price"": 289.0}]"
2024-07-12,FUND1,1044547.59,971278.86,"[{""security_id"": ""AAPL"", ""quantity"": 100.0, ""price"": 177.38}, {""security_id"": ""AMZN"", ""quantity"": 100.0, ""price"": 139.09}, {""security_id"": ""GOOGL"", ""quantity"": 100.0, ""price"": 132.74}, {""security_id"": ""MSFT"", ""quantity"": 100.0, ""price"": 283.2}]"
2024-07-15,FUND1,1043327.28,971278.86,"[{""security_id"": ""AAPL"", ""quantity"": 100.0, ""price"": 174.29}, {""security_id"": ""AMZN"", ""quantity"": 100.0, ""price"": 136.25}, {""security_id"": ""GOOGL"", ""quantity"": 100.0, ""price"": 133.67}, {""security_id"": ""MSFT"", ""quantity"": 100.0, ""price"": 277.62}]"
2024-07-16,FUND1,1042418.49,971278.86,"[{""security_id"": ""AAPL"", ""quantity"": 100.0, ""price"": 167.77}, {""security_id"": ""AMZN"", ""quantity"": 100.0, ""price"": 136.36}, {""security_id"": ""GOOGL"", ""quantity"": 100.0, ""price"": 130.18}, {""security_id"": ""MSFT"", ""quantity"": 100.0, ""price"": 279.93}]"
2024-07-17,FUND1,1043328.89,971278.86,"[{""security_id"": ""AAPL"", ""quantity"": 100.0, ""price"": 168.62}, {""security_id"": ""AMZN"", ""quantity"": 100.0, ""price"": 136.76}, {""security_id"": ""GOOGL"", ""quantity"": 100.0, ""price"": 133.03}, {""security_id"": ""MSFT"", ""quantity"": 100.0, ""price"": 280.3}]"
2024-07-18,FUND1,1042829.77,971278.86,"[{""security_id"": ""AAPL"", ""quantity"": 100.0, ""price"": 166.22}, {""security_id"": ""AMZN"", ""quantity"": 100.0, ""price"": 135.64}, {""security_id"": ""GOOGL"", ""quantity"": 100.0, ""price"": 131.25}, {""security_id"": ""MSFT"", ""quantity"": 100.0, ""price"": 283.15}]"
2024-07-19,FUND1,1043595.99,971278.86,"[{""security_id"": ""AAPL"", ""quantity"": 100.0, ""price"": 165.02}, {""security_id"": ""AMZN"", ""quantity"": 100.0, ""price"": 136.74}, {""security_id"": ""GOOGL"", ""quantity"": 100.0, ""price"": 129.97}, {""security_id"": ""MSFT"", ""quantity"": 100.0, ""price"": 282.27}]"
2024-07-22,FUND1,1042048.31,971278.86,"[{""security_id"": ""AAPL"", ""quantity"": 100.0, ""price"": 163.25}, {""security_id"": ""AMZN"", ""quantity"": 100.0, ""price"": 134.87}, {""security_id"": ""GOOGL"", ""quantity"": 100.0, ""price"": 129.95}, {""security_id"": ""MSFT"", ""quantity"": 100.0, ""price"": 283.75}]"
2024-07-23,FUND1,1042114.14,971278.86,"[{""security_id"": ""AAPL"", ""quantity"": 100.0, ""price"": 162.88}, {""security_id"": ""AMZN"", ""quantity"": 100.0, ""price"": 136.14}, {""security_id"": ""GOOGL"", ""quantity"": 100.0, ""price"": 126.38}, {""security_id"": ""MSFT"", ""quantity"": 100.0, ""price"": 284.63}]"
2024-07-24,FUND1,1042994.96,971278.86,"[{""security_id"": ""AAPL"", ""quantity"": 100.0, ""price"": 166.08}, {""security_id"": ""AMZN"", ""quantity"": 100.0, ""price"": 137.54}, {""security_id"": ""GOOGL"", ""quantity"": 100.0, ""price"": 126.93}, {""security_id"": ""MSFT"", ""quantity"": 100.0, ""price"": 288.72}]"
2024-07-25,FUND1,1043418.21,971278.86,"[{""security_id"": ""AAPL"", ""quantity"": 100.0, ""price"": 166.59}, {""security_id"": ""AMZN"", ""quantity"": 100.0, ""price"": 130.54}, {""security_id"": ""GOOGL"", ""quantity"": 100.0, ""price"": 129.19}, {""security_id"": ""MSFT"", ""quantity"": 100.0, ""price"": 293.02}]"
2024-07-26,FUND1,1042824.71,971278.86,"[{""security_id"": ""AAPL"", ""quantity"": 100.0, ""price"": 166.16}, {""security_id"": ""AMZN"", ""quantity"": 100.0, ""price"": 133.4}, {""security_id"": ""GOOGL"", ""quantity"": 100.0, ""price"": 129.91}, {""security_id"": ""MSFT"", ""quantity"": 100.0, ""price"": 284.67}]"
2024-07-29,FUND1,1040567.17,971278.86,"[{""security_id"": ""AAPL"", ""quantity"": 100.0, ""price"": 163.13}, {""security_id"": ""AMZN"", ""quantity"": 100.0, ""price"": 126.31}, {""security_id"": ""GOOGL"", ""quantity"": 100.0, ""price"": 126.27}, {""security_id"": ""MSFT"", ""quantity"": 100.0, ""price"": 273.45}]"
2024-07-30,FUND1,1040939.85,971278.86,"[{""security_id"": ""AAPL"", ""quantity"": 100.0, ""price"": 158.32}, {""security_id"": ""AMZN"", ""quantity"": 100.0, ""price"": 124.94}, {""security_id"": ""GOOGL"", ""quantity"": 100.0, ""price"": 126.03}, {""security_id"": ""MSFT"", ""quantity"": 100.0, ""price"": 278.5}]"
2024-07-31,FUND1,1040716.15,971278.86,"[{""security_id"": ""AAPL"", ""quantity"": 100.0, ""price"": 156.98}, {""security_id"": ""AMZN"", ""quantity"": 100.0, ""price"": 127.3}, {""security_id"": ""GOOGL"", ""quantity"": 100.0, ""price"": 127.75}, {""security_id"": ""MSFT"", ""quantity"": 100.0, ""price"": 284.59}]"
2024-08-01,FUND1,1050386.16,981278.86,"[{""security_id"": ""AAPL"", ""quantity"": 100.0, ""price"": 156.87}, {""security_id"": ""AMZN"", ""quantity"": 100.0, ""price"": 126.61}, {""security_id"": ""GOOGL"", ""quantity"": 100.0, ""price"": 123.54}, {""security_id"": ""MSFT"", ""quantity"": 100.0, ""price"": 279.47}]"
2024-08-02,FUND1,1048302.03,981278.86,"[{""security_id"": ""AAPL"", ""quantity"": 100.0, ""price"": 161.98}, {""security_id"": ""AMZN"", ""quantity"": 100.0, ""price"": 123.34}, {""security_id"": ""GOOGL"", ""quantity"": 100.0, ""price"": 121.2}, {""security_id"": ""MSFT"", ""quantity"": 100.0, ""price"": 270.34}]"
2024-08-05,FUND1,1048756.42,981278.86,"[{""security_id"": ""AAPL"", ""quantity"": 100.0, ""price"": 162.4}, {""security_id"": ""AMZN"", ""quantity"": 100.0, ""price"": 120.97}, {""security_id"": ""GOOGL"", ""quantity"": 100.0, ""price"": 123.16}, {""security_id"": ""MSFT"", ""quantity"": 100.0, ""price"": 270.89}]"
2024-08-06,FUND1,1050145.32,981278.86,"[{""security_id"": ""AAPL"", ""quantity"": 100.0, ""price"": 165.34}, {""security_id"": ""AMZN"", ""quantity"": 100.0, ""price"": 123.26}, {""security_id"": ""GOOGL"", ""quantity"": 100.0, ""price"": 123.79}, {""security_id"": ""MSFT"", ""quantity"": 100.0, ""price"": 275.54}]"
2024-08-07,FUND1,1049865.86,981278.86,"[{""security_id"": ""AAPL"", ""quantity"": 100.0, ""price"": 163.9}, {""security_id"": ""AMZN"", ""quantity"": 100.0, ""price"": 119.1}, {""security_id"": ""GOOGL"", ""quantity"": 100.0, ""price"": 124.74}, {""security_id"": ""MSFT"", ""quantity"": 100.0, ""price"": 284.67}]"
2024-08-08,FUND1,1051459.2,981278.86,"[{""security_id"": ""AAPL"", ""quantity"": 100.0, ""price"": 160.49}, {""security_id"": ""AMZN"", ""quantity"": 100.0, ""price"": 121.57}, {""security_id"": ""GOOGL"", ""quantity"": 100.0, ""price"": 129.02}, {""security_id"": ""MSFT"", ""quantity"": 100.0, ""price"": 287.4}]"
2024-08-09,FUND1,1051206.1,981278.86,"[{""security_id"": ""AAPL"", ""quantity"": 100.0, ""price"": 157.76}, {""security_id"": ""AMZN"", ""quantity"": 100.0, ""price"": 121.48}, {""security_id"": ""GOOGL"", ""quantity"": 100.0, ""price"": 130.14}, {""security_id"": ""MSFT"", ""quantity"": 100.0, ""price"": 285.55}]"
2024-08-12,FUND1,1050575.85,981278.86,"[{""security_id"": ""AAPL"", ""quantity"": 100.0, ""price"": 155.75}, {""security_id"": ""AMZN"", ""quantity"": 100.0, ""price"": 118.93}, {""security_id"": ""GOOGL"", ""quantity"": 100.0, ""price"": 131.73}, {""security_id"": ""MSFT"", ""quantity"": 100.0, ""price"": 281.07}]"
2024-08-13,FUND1,1051356.16,981278.86,"[{""security_id"": ""AAPL"", ""quantity"": 100.0, ""price"": 161.88}, {""security_id"": ""AMZN"", ""quantity"": 100.0, ""price"": 117.72}, {""security_id"": ""GOOGL"", ""quantity"": 100.0, ""price"": 138.35}, {""security_id"": ""MSFT"", ""quantity"": 100.0, ""price"": 281.2}]"
2024-08-14,FUND1,1050864.02,981278.86,"[{""security_id"": ""AAPL"", ""quantity"": 100.0, ""price"": 159.54}, {""security_id"": ""AMZN"", ""quantity"": 100.0, ""price"": 115.61}, {""security_id"": ""GOOGL"", ""quantity"": 100.0, ""price"": 137.85}, {""security_id"": ""MSFT"", ""quantity"": 100.0, ""price"": 279.76}]"
2024-08-15,FUND1,1050253.6,981278.86,"[{""security_id"": ""AAPL"", ""quantity"": 100.0, ""price"": 162.01}, {""security_id"": ""AMZN"", ""quantity"": 100.0, ""price"": 117.46}, {""security_id"": ""GOOGL"", ""quantity"": 100.0, ""price"": 135.92}, {""security_id"": ""MSFT"", ""quantity"": 100.0, ""price"": 274.76}]"
2024-08-16,FUND1,1050706.5,981278.86,"[{""security_id"": ""AAPL"", ""quantity"": 100.0, ""price"": 159.44}, {""security_id"": ""AMZN"", ""quantity"": 100.0, ""price"": 119.05}, {""security_id"": ""GOOGL"", ""quantity"": 100.0, ""price"": 137.01}, {""security_id"": ""MSFT"", ""quantity"": 100.0, ""price"": 285.15}]"
2024-08-19,FUND1,1051768.64,981278.86,"[{""security_id"": ""AAPL"", ""quantity"": 100.0, ""price"": 162.17}, {""security_id"": ""AMZN"", ""quantity"": 100.0, ""price"": 115.45}, {""security_id"": ""GOOGL"", ""quantity"": 100.0, ""price"": 138.13}, {""security_id"": ""MSFT"", ""quantity"": 100.0, ""price"": 294.54}]"
2024-08-20,FUND1,1053228.41,981278.86,"[{""security_id"": ""AAPL"", ""quantity"": 100.0, ""price"": 163.34}, {""security_id"": ""AMZN"", ""quantity"": 100.0, ""price"": 114.64}, {""security_id"": ""GOOGL"", ""quantity"": 100.0, ""price"": 136.86}, {""security_id"": ""MSFT"", ""quantity"": 100.0, ""price"": 300.7}]"
2024-08-21,FUND1,1052849.41,981278.86,"[{""security_id"": ""AAPL"", ""quantity"": 100.0, ""price"": 162.92}, {""security_id"": ""AMZN"", ""quantity"": 100.0, ""price"": 112.9}, {""security_id"": ""GOOGL"", ""quantity"": 100.0, ""price"": 134.37}, {""security_id"": ""MSFT"", ""quantity"": 100.0, ""price"": 295.83}]"
2024-08-22,FUND1,1052500.26,981278.86,"[{""security_id"": ""AAPL"", ""quantity"": 100.0, ""price"": 162.84}, {""security_id"": ""AMZN"", ""quantity"": 100.0, ""price"": 115.59}, {""security_id"": ""GOOGL"", ""quantity"": 100.0, ""price"": 140.11}, {""security_id"": ""MSFT"", ""quantity"": 100.0, ""price"": 300.49}]"
2024-08-23,FUND1,1053394.33,981278.86,"[{""security_id"": ""AAPL"", ""quantity"": 100.0, ""price"": 160.98}, {""security_id"": ""AMZN"", ""quantity"": 100.0, ""price"": 112.84}, {""security_id"": ""GOOGL"", ""quantity"": 100.0, ""price"": 140.97}, {""security_id"": ""MSFT"", ""quantity"": 100.0, ""price"": 304.05}]"
2024-08-26,FUND1,1054257.52,981278.86,"[{""security_id"": ""AAPL"", ""quantity"": 100.0, ""price"": 162.31}, {""security_id"": ""AMZN"", ""quantity"": 100.0, ""price"": 116.18}, {""security_id"": ""GOOGL"", ""quantity"": 100.0, ""price"": 139.16}, {""security_id"": ""MSFT"", ""quantity"": 100.0, ""price"": 306.56}]"
2024-08-27,FUND1,1055193.69,981278.86,"[{""security_id"": ""AAPL"", ""quantity"": 100.0, ""price"": 161.03}, {""security_id"": ""AMZN"", ""quantity"": 100.0, ""price"": 116.14}, {""security_id"": ""GOOGL"", ""quantity"": 100.0, ""price"": 141.51}, {""security_id"": ""MSFT"", ""quantity"": 100.0, ""price"": 313.61}]"
2024-08-28,FUND1,1054478.54,981278.86,"[{""security_id"": ""AAPL"", ""quantity"": 100.0, ""price"": 157.56}, {""security_id"": ""AMZN"", ""quantity"": 100.0, ""price"": 113.76}, {""security_id"": ""GOOGL"", ""quantity"": 100.0, ""price"": 141.27}, {""security_id"": ""MSFT"", ""quantity"": 100.0, ""price"": 317.3}]"
2024-08-29,FUND1,1054486.56,981278.86,"[{""security_id"": ""AAPL"", ""quantity"": 100.0, ""price"": 154.01}, {""security_id"": ""AMZN"", ""quantity"": 100.0, ""price"": 112.41}, {""security_id"": ""GOOGL"", ""quantity"": 100.0, ""price"": 140.66}, {""security_id"": ""MSFT"", ""quantity"": 100.0, ""price"": 321.63}]"
2024-08-30,FUND1,1055036.26,981278.86,"[{""security_id"": ""AAPL"", ""quantity"": 100.0, ""price"": 154.53}, {""security_id"": ""AMZN"", ""quantity"": 100.0, ""price"": 110.83}, {""security_id"": ""GOOGL"", ""quantity"": 100.0, ""price"": 142.13}, {""security_id"": ""MSFT"", ""quantity"": 100.0, ""price"": 325.42}]"
2024-09-02,FUND1,1065404.21,991278.86,"[{""security_id"": ""AAPL"", ""quantity"": 100.0, ""price"": 159.03}, {""security_id"": ""AMZN"", ""quantity"": 100.0, ""price"": 108.34}, {""security_id"": ""GOOGL"", ""quantity"": 100.0, ""price"": 138.9}, {""security_id"": ""MSFT"", ""quantity"": 100.0, ""price"": 327.51}]"
2024-09-03,FUND1,1063285.68,991278.86,"[{""security_id"": ""AAPL"", ""quantity"": 100.0, ""price"": 159.52}, {""security_id"": ""AMZN"", ""quantity"": 100.0, ""price"": 108.56}, {""security_id"": ""GOOGL"", ""quantity"": 100.0, ""price"": 139.82}, {""security_id"": ""MSFT"", ""quantity"": 100.0, ""price"": 317.24}]"
2024-09-04,FUND1,1064938.33,991278.86,"[{""security_id"": ""AAPL"", ""quantity"": 100.0, ""price"": 159.22}, {""security_id"": ""AMZN"", ""quantity"": 100.0, ""price"": 106.21}, {""security_id"": ""GOOGL"", ""quantity"": 100.0, ""price"": 144.75}, {""security_id"": ""MSFT"", ""quantity"": 100.0, ""price"": 317.8}]"
2024-09-05,FUND1,1062902.96,991278.86,"[{""security_id"": ""AAPL"", ""quantity"": 100.0, ""price"": 160.08}, {""security_id"": ""AMZN"", ""quantity"": 100.0, ""price"": 102.15}, {""security_id"": ""GOOGL"", ""quantity"": 100.0, ""price"": 146.01}, {""security_id"": ""MSFT"", ""quantity"": 100.0, ""price"": 314.71}]"
2024-09-06,FUND1,1063795.58,991278.86,"[{""security_id"": ""AAPL"", ""quantity"": 100.0, ""price"": 163.93}, {""security_id"": ""AMZN"", ""quantity"": 100.0, ""price"": 101.48}, {""security_id"": ""GOOGL"", ""quantity"": 100.0, ""price"": 145.06}, {""security_id"": ""MSFT"", ""quantity"": 100.0, ""price"": 307.62}]"
2024-09-09,FUND1,1063075.23,991278.86,"[{""security_id"": ""AAPL"", ""quantity"": 100.0, ""price"": 164.62}, {""security_id"": ""AMZN"", ""quantity"": 100.0, ""price"": 98.26}, {""security_id"": ""GOOGL"", ""quantity"": 100.0, ""price"": 143.78}, {""security_id"": ""MSFT"", ""quantity"": 100.0, ""price"": 317.15}]"
2024-09-10,FUND1,1063936.56,991278.86,"[{""security_id"": ""AAPL"", ""quantity"": 100.0, ""price"": 163.45}, {""security_id"": ""AMZN"", ""quantity"": 100.0, ""price"": 96.96}, {""security_id"": ""GOOGL"", ""quantity"": 100.0, ""price"": 142.75}, {""security_id"": ""MSFT"", ""quantity"": 100.0, ""price"": 327.26}]"
2024-09-11,FUND1,1064546.98,991278.86,"[{""security_id"": ""AAPL"", ""quantity"": 100.0, ""price"": 166.78}, {""security_id"": ""AMZN"", ""quantity"": 100.0, ""price"": 95.41}, {""security_id"": ""GOOGL"", ""quantity"": 100.0, ""price"": 142.14}, {""security_id"": ""MSFT"", ""quantity"": 100.0, ""price"": 335.45}]"
2024-09-12,FUND1,1065356.33,991278.86,"[{""security_id"": ""AAPL"", ""quantity"": 100.0, ""price"": 168.11}, {""security_id"": ""AMZN"", ""quantity"": 100.0, ""price"": 93.95}, {""security_id"": ""GOOGL"", ""quantity"": 100.0, ""price"": 141.21}, {""security_id"": ""MSFT"", ""quantity"": 100.0, ""price"": 337.08}]"
2024-09-13,FUND1,1067065.78,991278.86,"[{""security_id"": ""AAPL"", ""quantity"": 100.0, ""price"": 172.87}, {""security_id"": ""AMZN"", ""quantity"": 100.0, ""price"": 97.42}, {""security_id"": ""GOOGL"", ""quantity"": 100.0, ""price"": 143.59}, {""security_id"": ""MSFT"", ""quantity"": 100.0, ""price"": 345.46}]"
2024-09-16,FUND1,1066431.43,991278.86,"[{""security_id"": ""AAPL"", ""quantity"": 100.0, ""price"": 173.48}, {""security_id"": ""AMZN"", ""quantity"": 100.0, ""price"": 97.55}, {""security_id"": ""GOOGL"", ""quantity"": 100.0, ""price"": 139.22}, {""security_id"": ""MSFT"", ""quantity"": 100.0, ""price"": 345.62}]"
2024-09-17,FUND1,1066945.15,991278.86,"[{""security_id"": ""AAPL"", ""quantity"": 100.0, ""price"": 169.74}, {""security_id"": ""AMZN"", ""quantity"": 100.0, ""price"": 98.0}, {""security_id"": ""GOOGL"", ""quantity"": 100.0, ""price"": 141.43}, {""security_id"": ""MSFT"", ""quantity"": 100.0, ""price"": 346.97}]"
2024-09-18,FUND1,1065387.21,991278.86,"[{""security_id"": ""AAPL"", ""quantity"": 100.0, ""price"": 165.66}, {""security_id"": ""AMZN"", ""quantity"": 100.0, ""price"": 94.94}, {""security_id"": ""GOOGL"", ""quantity"": 100.0, ""price"": 140.5}, {""security_id"": ""MSFT"", ""quantity"": 100.0, ""price"": 340.29}]"
2024-09-19,FUND1,1066757.3,991278.86,"[{""security_id"": ""AAPL"", ""quantity"": 100.0, ""price"": 170.7}, {""security_id"": ""AMZN"", ""quantity"": 100.0, ""price"": 93.85}, {""security_id"": ""GOOGL"", ""quantity"": 100.0, ""price"": 141.49}, {""security_id"": ""MSFT"", ""quantity"": 100.0, ""price"": 342.82}]"
2024-09-20,FUND1,1067318.58,991278.86,"[{""security_id"": ""AAPL"", ""quantity"": 100.0, ""price"": 176.12}, {""security_id"": ""AMZN"", ""quantity"": 100.0, ""price"": 94.24}, {""security_id"": ""GOOGL"", ""quantity"": 100.0, ""price"": 138.69}, {""security_id"": ""MSFT"", ""quantity"": 100.0, ""price"": 343.28}]"
2024-09-23,FUND1,1066236.86,991278.86,"[{""security_id"": ""AAPL"", ""quantity"": 100.0, ""price"": 175.59}, {""security_id"": ""AMZN"", ""quantity"": 100.0, ""price"": 92.54}, {""security_id"": ""GOOGL"", ""quantity"": 100.0, ""price"": 142.08}, {""security_id"": ""MSFT"", ""quantity"": 100.0, ""price"": 335.41}]"
2024-09-24,FUND1,1065677.85,991278.86,"[{""security_id"": ""AAPL"", ""quantity"": 100.0, ""price"": 174.43}, {""security_id"": ""AMZN"", ""quantity"": 100.0, ""price"": 94.09}, {""security_id"": ""GOOGL"", ""quantity"": 100.0, ""price"": 145.34}, {""security_id"": ""MSFT"", ""quantity"": 100.0, ""price"": 335.18}]"
2024-09-25,FUND1,1066457.41,991278.86,"[{""security_id"": ""AAPL"", ""quantity"": 100.0, ""price"": 179.13}, {""security_id"": ""AMZN"", ""quantity"": 100.0, ""price"": 92.1}, {""security_id"": ""GOOGL"", ""quantity"": 100.0, ""price"": 147.91}, {""security_id"": ""MSFT"", ""quantity"": 100.0, ""price"": 334.78}]"
2024-09-26,FUND1,1067833.35,991278.86,"[{""security_id"": ""AAPL"", ""quantity"": 100.0, ""price"": 175.64}, {""security_id"": ""AMZN"", ""quantity"": 100.0, ""price"": 91.65}, {""security_id"": ""GOOGL"", ""quantity"": 100.0, ""price"": 143.96}, {""security_id"": ""MSFT"", ""quantity"": 100.0, ""price"": 345.88}]"
2024-09-27,FUND1,1066845.18,991278.86,"[{""security_id"": ""AAPL"", ""quantity"": 100.0, ""price"": 172.87}, {""security_id"": ""AMZN"", ""quantity"": 100.0, ""price"": 90.71}, {""security_id"": ""GOOGL"", ""quantity"": 100.0, ""price"": 146.17}, {""security_id"": ""MSFT"", ""quantity"": 100.0, ""price"": 351.58}]"
2024-09-30,FUND1,1068514.43,992043.8,"[{""security_id"": ""AAPL"", ""quantity"": 100.0, ""price"": 174.93}, {""security_id"": ""AMZN"", ""quantity"": 100.0, ""price"": 91.0}, {""security_id"": ""GOOGL"", ""quantity"": 100.0, ""price"": 147.27}, {""security_id"": ""MSFT"", ""quantity"": 100.0, ""price"": 351.74}]"
2024-10-01,FUND1,1078968.44,1002043.8,"[{""security_id"": ""AAPL"", ""quantity"": 100.0, ""price"": 173.74}, {""security_id"": ""AMZN"", ""quantity"": 100.0, ""price"": 89.98}, {""security_id"": ""GOOGL"", ""quantity"": 100.0, ""price"": 143.11}, {""security_id"": ""MSFT"", ""quantity"": 100.0, ""price"": 353.41}]"
2024-10-02,FUND1,1078978.52,1002043.8,"[{""security_id"": ""AAPL"", ""quantity"": 100.0, ""price"": 173.76}, {""security_id"": ""AMZN"", ""quantity"": 100.0, ""price"": 89.57}, {""security_id"": ""GOOGL"", ""quantity"": 100.0, ""price"": 143.09}, {""security_id"": ""MSFT"", ""quantity"": 100.0, ""price"": 353.78}]"
2024-10-03,FUND1,1077942.9,1002043.8,"[{""security_id"": ""AAPL"", ""quantity"": 100.0, ""price"": 173.3}, {""security_id"": ""AMZN"", ""quantity"": 100.0, ""price"": 89.21}, {""security_id"": ""GOOGL"", ""quantity"": 100.0, ""price"": 144.06}, {""security_id"": ""MSFT"", ""quantity"": 100.0, ""price"": 352.58}]"
2024-10-04,FUND1,1077856.68,1002043.8,"[{""security_id"": ""AAPL"", ""quantity"": 100.0, ""price"": 174.4}, {""security_id"": ""AMZN"", ""quantity"": 100.0, ""price"": 88.06}, {""security_id"": ""GOOGL"", ""quantity"": 100.0, ""price"": 145.55}, {""security_id"": ""MSFT"", ""quantity"": 100.0, ""price"": 345.86}]"
2024-10-07,FUND1,1077988.46,1002043.8,"[{""security_id"": ""AAPL"", ""quantity"": 100.0, ""price"": 178.91}, {""security_id"": ""AMZN"", ""quantity"": 100.0, ""price"": 88.85}, {""security_id"": ""GOOGL"", ""quantity"": 100.0, ""price"": 146.05}, {""security_id"": ""MSFT"", ""quantity"": 100.0, ""price"": 345.01}]"
2024-10-08,FUND1,1078204.14,1002043.8,"[{""security_id"": ""AAPL"", ""quantity"": 100.0, ""price"": 179.25}, {""security_id"": ""AMZN"", ""quantity"": 100.0, ""price"": 89.26}, {""security_id"": ""GOOGL"", ""quantity"": 100.0, ""price"": 146.86}, {""security_id"": ""MSFT"", ""quantity"": 100.0, ""price"": 340.49}]"
2024-10-09,FUND1,1076810.42,1002043.8,"[{""security_id"": ""AAPL"", ""quantity"": 100.0, ""price"": 181.39}, {""security_id"": ""AMZN"", ""quantity"": 100.0, ""price"": 89.14}, {""security_id"": ""GOOGL"", ""quantity"": 100.0, ""price"": 150.84}, {""security_id"": ""MSFT"", ""quantity"": 100.0, ""price"": 333.0}]"
2024-10-10,FUND1,1076940.56,1002043.8,"[{""security_id"": ""AAPL"", ""quantity"": 100.0, ""price"": 174.86}, {""security_id"": ""AMZN"", ""quantity"": 100.0, ""price"": 88.47}, {""security_id"": ""GOOGL"", ""quantity"": 100.0, ""price"": 154.24}, {""security_id"": ""MSFT"", ""quantity"": 100.0, ""price"": 336.16}]"
2024-10-11,FUND1,1077343.88,1002043.8,"[{""security_id"": ""AAPL"", ""quantity"": 100.0, ""price"": 174.75}, {""security_id"": ""AMZN"", ""quantity"": 100.0, ""price"": 89.77}, {""security_id"": ""GOOGL"", ""quantity"": 100.0, ""price"": 146.52}, {""security_id"": ""MSFT"", ""quantity"": 100.0, ""price"": 338.62}]"
2024-10-14,FUND1,1075247.75,1002043.8,"[{""security_id"": ""AAPL"", ""quantity"": 100.0, ""price"": 172.16}, {""security_id"": ""AMZN"", ""quantity"": 100.0, ""price"": 89.41}, {""security_id"": ""GOOGL"", ""quantity"": 100.0, ""price"": 145.72}, {""security_id"": ""MSFT"", ""quantity"": 100.0, ""price"": 327.98}]"
2024-10-15,FUND1,1075474.73,1002043.8,"[{""security_id"": ""AAPL"", ""quantity"": 100.0, ""price"": 168.47}, {""security_id"": ""AMZN"", ""quantity"": 100.0, ""price"": 88.94}, {""security_id"": ""GOOGL"", ""quantity"": 100.0, ""price"": 145.33}, {""security_id"": ""MSFT"", ""quantity"": 100.0, ""price"": 327.34}]"
2024-10-16,FUND1,1074844.15,1002043.8,"[{""security_id"": ""AAPL"", ""quantity"": 100.0, ""price"": 165.87}, {""security_id"": ""AMZN"", ""quantity"": 100.0, ""price"": 89.13}, {""security_id"": ""GOOGL"", ""quantity"": 100.0, ""price"": 140.85}, {""security_id"": ""MSFT"", ""quantity"": 100.0, ""price"": 333.34}]"
2024-10-17,FUND1,1076627.69,1002043.8,"[{""security_id"": ""AAPL"", ""quantity"": 100.0, ""price"": 164.91}, {""security_id"": ""AMZN"", ""quantity"": 100.0, ""price"": 91.92}, {""security_id"": ""GOOGL"", ""quantity"": 100.0, ""price"": 141.13}, {""security_id"": ""MSFT"", ""quantity"": 100.0, ""price"": 339.85}]"
2024-10-18,FUND1,1077540.21,1002043.8,"[{""security_id"": ""AAPL"", ""quantity"": 100.0, ""price"": 167.7}, {""security_id"": ""AMZN"", ""quantity"": 100.0, ""price"": 89.75}, {""security_id"": ""GOOGL"", ""quantity"": 100.0, ""price"": 144.37}, {""security_id"": ""MSFT"", ""quantity"": 100.0, ""price"": 346.27}]"
2024-10-21,FUND1,1076470.73,1002043.8,"[{""security_id"": ""AAPL"", ""quantity"": 100.0, ""price"": 163.78}, {""security_id"": ""AMZN"", ""quantity"": 100.0, ""price"": 91.03}, {""security_id"": ""GOOGL"", ""quantity"": 100.0, ""price"": 141.61}, {""security_id"": ""MSFT"", ""quantity"": 100.0, ""price"": 346.6}]"
2024-10-22,FUND1,1076237.78,1002043.8,"[{""security_id"": ""AAPL"", ""quantity"": 100.0, ""price"": 163.91}, {""security_id"": ""AMZN"", ""quantity"": 100.0, ""price"": 88.0}, {""security_id"": ""GOOGL"", ""quantity"": 100.0, ""price"": 142.51}, {""security_id"": ""MSFT"", ""quantity"": 100.0, ""price"": 341.45}]"
2024-10-23,FUND1,1074392.5,1002043.8,"[{""security_id"": ""AAPL"", ""quantity"": 100.0, ""price"": 162.53}, {""security_id"": ""AMZN"", ""quantity"": 100.0, ""price"": 88.37}, {""security_id"": ""GOOGL"", ""quantity"": 100.0, ""price"": 140.21}, {""security_id"": ""MSFT"", ""quantity"": 100.0, ""price"": 334.94}]"
2024-10-24,FUND1,1074991.19,1002043.8,"[{""security_id"": ""AAPL"", ""quantity"": 100.0, ""price"": 161.61}, {""security_id"": ""AMZN"", ""quantity"": 100.0, ""price"": 90.93}, {""security_id"": ""GOOGL"", ""quantity"": 100.0, ""price"": 138.56}, {""security_id"": ""MSFT"", ""quantity"": 100.0, ""price"": 337.1}]"
2024-10-25,FUND1,1075479.25,1002043.8,"[{""security_id"": ""AAPL"", ""quantity"": 100.0, ""price"": 164.6}, {""security_id"": ""AMZN"", ""quantity"": 100.0, ""price"": 91.76}, {""security_id"": ""GOOGL"", ""quantity"": 100.0, ""price"": 142.33}, {""security_id"": ""MSFT"", ""quantity"": 100.0, ""price"": 339.5}]"
2024-10-28,FUND1,1077484.87,1002043.8,"[{""security_id"": ""AAPL"", ""quantity"": 100.0, ""price"": 166.24}, {""security_id"": ""AMZN"", ""quantity"": 100.0, ""price"": 92.06}, {""security_id"": ""GOOGL"", ""quantity"": 100.0, ""price"": 140.98}, {""security_id"": ""MSFT"", ""quantity"": 100.0, ""price"": 347.54}]"
2024-10-29,FUND1,1078566.3,1002043.8,"[{""security_id"": ""AAPL"", ""quantity"": 100.0, ""price"": 170.34}, {""security_id"": ""AMZN"", ""quantity"": 100.0, ""price"": 91.16}, {""security_id"": ""GOOGL"", ""quantity"": 100.0, ""price"": 142.2}, {""security_id"": ""MSFT"", ""quantity"": 100.0, ""price"": 354.58}]"
2024-10-30,FUND1,1078123.33,1002043.8,"[{""security_id"": ""AAPL"", ""quantity"": 100.0, ""price"": 169.91}, {""security_id"": ""AMZN"", ""quantity"": 100.0, ""price"": 91.23}, {""security_id"": ""GOOGL"", ""quantity"": 100.0, ""price"": 137.52}, {""security_id"": ""MSFT"", ""quantity"": 100.0, ""price"": 353.83}]"
2024-10-31,FUND1,1077530.46,1002043.8,"[{""security_id"": ""AAPL"", ""quantity"": 100.0, ""price"": 167.83}, {""security_id"": ""AMZN"", ""quantity"": 100.0, ""price"": 90.84}, {""security_id"": ""GOOGL"", ""quantity"": 100.0, ""price"": 142.24}, {""security_id"": ""MSFT"", ""quantity"": 100.0, ""price"": 346.08}]"
2024-11-01,FUND1,1087461.52,1012043.8,"[{""security_id"": ""AAPL"", ""quantity"": 100.0, ""price"": 167.2}, {""security_id"": ""AMZN"", ""quantity"": 100.0, ""price"": 89.59}, {""security_id"": ""GOOGL"", ""quantity"": 100.0, ""price"": 143.83}, {""security_id"": ""MSFT"", ""quantity"": 100.0, ""price"": 344.18}]"
2024-11-04,FUND1,1086324.05,1012043.8,"[{""security_id"": ""AAPL"", ""quantity"": 100.0, ""price"": 167.97}, {""security_id"": ""AMZN"", ""quantity"": 100.0, ""price"": 89.15}, {""security_id"": ""GOOGL"", ""quantity"": 100.0, ""price"": 143.4}, {""security_id"": ""MSFT"", ""quantity"": 100.0, ""price"": 345.62}]"
2024-11-05,FUND1,1087675.41,1012043.8,"[{""security_id"": ""AAPL"", ""quantity"": 100.0, ""price"": 168.55}, {""security_id"": ""AMZN"", ""quantity"": 100.0, ""price"": 89.49}, {""security_id"": ""GOOGL"", ""quantity"": 100.0, ""price"": 144.93}, {""security_id"": ""MSFT"", ""quantity"": 100.0, ""price"": 344.45}]"
2024-11-06,FUND1,1085897.15,1012043.8,"[{""security_id"": ""AAPL"", ""quantity"": 100.0, ""price"": 165.33}, {""security_id"": ""AMZN"", ""quantity"": 100.0, ""price"": 88.28}, {""security_id"": ""GOOGL"", ""quantity"": 100.0, ""price"": 141.33}, {""security_id"": ""MSFT"", ""quantity"": 100.0, ""price"": 340.97}]"
2024-11-07,FUND1,1086016.74,1012043.8,"[{""security_id"": ""AAPL"", ""quantity"": 100.0, ""price"": 165.64}, {""security_id"": ""AMZN"", ""quantity"": 100.0, ""price"": 87.03}, {""security_id"": ""GOOGL"", ""quantity"": 100.0, ""price"": 144.41}, {""security_id"": ""MSFT"", ""quantity"": 100.0, ""price"": 342.61}]"
2024-11-08,FUND1,1085739.31,1012043.8,"[{""security_id"": ""AAPL"", ""quantity"": 100.0, ""price"": 166.37}, {""security_id"": ""AMZN"", ""quantity"": 100.0, ""price"": 84.95}, {""security_id"": ""GOOGL"", ""quantity"": 100.0, ""price"": 143.6}, {""security_id"": ""MSFT"", ""quantity"": 100.0, ""price"": 339.6}]"
2024-11-11,FUND1,1085775.93,1012043.8,"[{""security_id"": ""AAPL"", ""quantity"": 100.0, ""price"": 174.12}, {""security_id"": ""AMZN"", ""quantity"": 100.0, ""price"": 85.57}, {""security_id"": ""GOOGL"", ""quantity"": 100.0, ""price"": 143.11}, {""security_id"": ""MSFT"", ""quantity"": 100.0, ""price"": 335.87}]"
2024-11-12,FUND1,1086446.75,1012043.8,"[{""security_id"": ""AAPL"", ""quantity"": 100.0, ""price"": 180.15}, {""security_id"": ""AMZN"", ""quantity"": 100.0, ""price"": 86.44}, {""security_id"": ""GOOGL"", ""quantity"": 100.0, ""price"": 141.89}, {""security_id"": ""MSFT"", ""quantity"": 100.0, ""price"": 337.84}]"
2024-11-13,FUND1,1085753.86,1012043.8,"[{""security_id"": ""AAPL"", ""quantity"": 100.0, ""price"": 177.45}, {""security_id"": ""AMZN"", ""quantity"": 100.0, ""price"": 86.82}, {""security_id"": ""GOOGL"", ""quantity"": 100.0, ""price"": 140.45}, {""security_id"": ""MSFT"", ""quantity"": 100.0, ""price"": 335.49}]"
2024-11-14,FUND1,1085880.46,1012043.8,"[{""security_id"": ""AAPL"", ""quantity"": 100.0, ""price"": 176.58}, {""security_id"": ""AMZN"", ""quantity"": 100.0, ""price"": 88.36}, {""security_id"": ""GOOGL"", ""quantity"": 100.0, ""price"": 142.25}, {""security_id"": ""MSFT"", ""quantity"": 100.0, ""price"": 337.05}]"
2024-11-15,FUND1,1086405.47,1012043.8,"[{""security_id"": ""AAPL"", ""quantity"": 100.0, ""price"": 172.03}, {""security_id"": ""AMZN"", ""quantity"": 100.0, ""price"": 88.52}, {""security_id"": ""GOOGL"", ""quantity"": 100.0, ""price"": 142.94}, {""security_id"": ""MSFT"", ""quantity"": 100.0, ""price"": 338.8}]"
2024-11-18,FUND1,1086464.08,1012043.8,"[{""security_id"": ""AAPL"", ""quantity"": 100.0, ""price"": 170.25}, {""security_id"": ""AMZN"", ""quantity"": 100.0, ""price"": 89.17}, {""security_id"": ""GOOGL"", ""quantity"": 100.0, ""price"": 144.66}, {""security_id"": ""MSFT"", ""quantity"": 100.0, ""price"": 332.0}]"
2024-11-19,FUND1,1085893.52,1012043.8,"[{""security_id"": ""AAPL"", ""quantity"": 100.0, ""price"": 171.27}, {""security_id"": ""AMZN"", ""quantity"": 100.0, ""price"": 89.68}, {""security_id"": ""GOOGL"", ""quantity"": 100.0, ""price"": 144.68}, {""security_id"": ""MSFT"", ""quantity"": 100.0, ""price"": 329.22}]"
2024-11-20,FUND1,1087081.92,1012043.8,"[{""security_id"": ""AAPL"", ""quantity"": 100.0, ""price"": 175.07}, {""security_id"": ""AMZN"", ""quantity"": 100.0, ""price"": 89.56}, {""security_id"": ""GOOGL"", ""quantity"": 100.0, ""price"": 146.06}, {""security_id"": ""MSFT"", ""quantity"": 100.0, ""price"": 337.94}]"
2024-11-21,FUND1,1085816.37,1012043.8,"[{""security_id"": ""AAPL"", ""quantity"": 100.0, ""price"": 172.83}, {""security_id"": ""AMZN"", ""quantity"": 100.0, ""price"": 88.73}, {""security_id"": ""GOOGL"", ""quantity"": 100.0, ""price"": 145.0}, {""security_id"": ""MSFT"", ""quantity"": 100.0, ""price"": 331.02}]"
2024-11-22,FUND1,1085411.61,1012043.8,"[{""security_id"": ""AAPL"", ""quantity"": 100.0, ""price"": 170.85}, {""security_id"": ""AMZN"", ""quantity"": 100.0, ""price"": 92.36}, {""security_id"": ""GOOGL"", ""quantity"": 100.0, ""price"": 150.97}, {""security_id"": ""MSFT"", ""quantity"": 100.0, ""price"": 318.73}]"
2024-11-25,FUND1,1082794.53,1012043.8,"[{""security_id"": ""AAPL"", ""quantity"": 100.0, ""price"": 164.41}, {""security_id"": ""AMZN"", ""quantity"": 100.0, ""price"": 91.64}, {""security_id"": ""GOOGL"", ""quantity"": 100.0, ""price"": 146.81}, {""security_id"": ""MSFT"", ""quantity"": 100.0, ""price"": 308.3}]"
2024-11-26,FUND1,1084071.28,1012043.8,"[{""security_id"": ""AAPL"", ""quantity"": 100.0, ""price"": 163.97}, {""security_id"": ""AMZN"", ""quantity"": 100.0, ""price"": 90.57}, {""security_id"": ""GOOGL"", ""quantity"": 100.0, ""price"": 150.21}, {""security_id"": ""MSFT"", ""quantity"": 100.0, ""price"": 308.54}]"
2024-11-27,FUND1,1083159.46,1012043.8,"[{""security_id"": ""AAPL"", ""quantity"": 100.0, ""price"": 160.91}, {""security_id"": ""AMZN"", ""quantity"": 100.0, ""price"": 91.3}, {""security_id"": ""GOOGL"", ""quantity"": 100.0, ""price"": 154.0}, {""security_id"": ""MSFT"", ""quantity"": 100.0, ""price"": 308.79}]"
2024-11-28,FUND1,1083663.9,1012043.8,"[{""security_id"": ""AAPL"", ""quantity"": 100.0, ""price"": 159.42}, {""security_id"": ""AMZN"", ""quantity"": 100.0, ""price"": 91.74}, {""security_id"": ""GOOGL"", ""quantity"": 100.0, ""price"": 151.69}, {""security_id"": ""MSFT"", ""quantity"": 100.0, ""price"": 308.21}]"
2024-11-29,FUND1,1084580.41,1012043.8,"[{""security_id"": ""AAPL"", ""quantity"": 100.0, ""price"": 156.96}, {""security_id"": ""AMZN"", ""quantity"": 100.0, ""price"": 89.47}, {""security_id"": ""GOOGL"", ""quantity"": 100.0, ""price"": 157.94}, {""security_id"": ""MSFT"", ""quantity"": 100.0, ""price"": 315.1}]"
2024-12-02,FUND1,1093242.75,1022043.8,"[{""security_id"": ""AAPL"", ""quantity"": 100.0, ""price"": 156.74}, {""security_id"": ""AMZN"", ""quantity"": 100.0, ""price"": 91.32}, {""security_id"": ""GOOGL"", ""quantity"": 100.0, ""price"": 160.84}, {""security_id"": ""MSFT"", ""quantity"": 100.0, ""price"": 300.38}]"
2024-12-03,FUND1,1093757.56,1022043.8,"[{""security_id"": ""AAPL"", ""quantity"": 100.0, ""price"": 151.89}, {""security_id"": ""AMZN"", ""quantity"": 100.0, ""price"": 91.19}, {""security_id"": ""GOOGL"", ""quantity"": 100.0, ""price"": 163.71}, {""security_id"": ""MSFT"", ""quantity"": 100.0, ""price"": 302.6}]"
2024-12-04,FUND1,1093069.25,1022043.8,"[{""security_id"": ""AAPL"", ""quantity"": 100.0, ""price"": 147.97}, {""security_id"": ""AMZN"", ""quantity"": 100.0, ""price"": 89.4}, {""security_id"": ""GOOGL"", ""quantity"": 100.0, ""price"": 163.84}, {""security_id"": ""MSFT"", ""quantity"": 100.0, ""price"": 311.3}]"
2024-12-05,FUND1,1094202.5,1022043.8,"[{""security_id"": ""AAPL"", ""quantity"": 100.0, ""price"": 153.79}, {""security_id"": ""AMZN"", ""quantity"": 100.0, ""price"": 91.36}, {""security_id"": ""GOOGL"", ""quantity"": 100.0, ""price"": 163.24}, {""security_id"": ""MSFT"", ""quantity"": 100.0, ""price"": 305.12}]"
2024-12-06,FUND1,1093437.01,1022043.8,"[{""security_id"": ""AAPL"", ""quantity"": 100.0, ""price"": 150.31}, {""security_id"": ""AMZN"", ""quantity"": 100.0, ""price"": 92.42}, {""security_id"": ""GOOGL"", ""quantity"": 100.0, ""price"": 162.67}, {""security_id"": ""MSFT"", ""quantity"": 100.0, ""price"": 303.12}]"
2024-12-09,FUND1,1092778.9,1022043.8,"[{""security_id"": ""AAPL"", ""quantity"": 100.0, ""price"": 147.4}, {""security_id"": ""AMZN"", ""quantity"": 100.0, ""price"": 90.36}, {""security_id"": ""GOOGL"", ""quantity"": 100.0, ""price"": 163.85}, {""security_id"": ""MSFT"", ""quantity"": 100.0, ""price"": 299.12}]"
2024-12-10,FUND1,1093292.62,1022043.8,"[{""security_id"": ""AAPL"", ""quantity"": 100.0, ""price"": 152.4}, {""security_id"": ""AMZN"", ""quantity"": 100.0, ""price"": 93.32}, {""security_id"": ""GOOGL"", ""quantity"": 100.0, ""price"": 168.08}, {""security_id"": ""MSFT"", ""quantity"": 100.0, ""price"": 294.41}]"
2024-12-11,FUND1,1094440.95,1022043.8,"[{""security_id"": ""AAPL"", ""quantity"": 100.0, ""price"": 160.62}, {""security_id"": ""AMZN"", ""quantity"": 100.0, ""price"": 94.46}, {""security_id"": ""GOOGL"", ""quantity"": 100.0, ""price"": 168.67}, {""security_id"": ""MSFT"", ""quantity"": 100.0, ""price"": 292.76}]"
2024-12-12,FUND1,1094866.93,1022043.8,"[{""security_id"": ""AAPL"", ""quantity"": 100.0, ""price"": 157.31}, {""security_id"": ""AMZN"", ""quantity"": 100.0, ""price"": 94.46}, {""security_id"": ""GOOGL"", ""quantity"": 100.0, ""price"": 165.97}, {""security_id"": ""MSFT"", ""quantity"": 100.0, ""price"": 300.46}]"
2024-12-13,FUND1,1095310.87,1022043.8,"[{""security_id"": ""AAPL"", ""quantity"": 100.0, ""price"": 156.31}, {""security_id"": ""AMZN"", ""quantity"": 100.0, ""price"": 97.23}, {""security_id"": ""GOOGL"", ""quantity"": 100.0, ""price"": 168.49}, {""security_id"": ""MSFT"", ""quantity"": 100.0, ""price"": 310.64}]"
2024-12-16,FUND1,1096237.13,1022043.8,"[{""security_id"": ""AAPL"", ""quantity"": 100.0, ""price"": 157.31}, {""security_id"": ""AMZN"", ""quantity"": 100.0, ""price"": 97.53}, {""security_id"": ""GOOGL"", ""quantity"": 100.0, ""price"": 171.35}, {""security_id"": ""MSFT"", ""quantity"": 100.0, ""price"": 308.84}]"
2024-12-17,FUND1,1097909.28,1022043.8,"[{""security_id"": ""AAPL"", ""quantity"": 100.0, ""price"": 162.32}, {""security_id"": ""AMZN"", ""quantity"": 100.0, ""price"": 97.51}, {""security_id"": ""GOOGL"", ""quantity"": 100.0, ""price"": 173.43}, {""security_id"": ""MSFT"", ""quantity"": 100.0, ""price"": 319.7}]"
2024-12-18,FUND1,1097268.06,1022043.8,"[{""security_id"": ""AAPL"", ""quantity"": 100.0, ""price"": 159.5}, {""security_id"": ""AMZN"", ""quantity"": 100.0, ""price"": 96.38}, {""security_id"": ""GOOGL"", ""quantity"": 100.0, ""price"": 175.81}, {""security_id"": ""MSFT"", ""quantity"": 100.0, ""price"": 319.98}]"
2024-12-19,FUND1,1099093.1,1022043.8,"[{""security_id"": ""AAPL"", ""quantity"": 100.0, ""price"": 158.84}, {""security_id"": ""AMZN"", ""quantity"": 100.0, ""price"": 97.42}, {""security_id"": ""GOOGL"", ""quantity"": 100.0, ""price"": 175.0}, {""security_id"": ""MSFT"", ""quantity"": 100.0, ""price"": 330.33}]"
2024-12-20,FUND1,1098137.28,1022043.8,"[{""security_id"": ""AAPL"", ""quantity"": 100.0, ""price"": 161.12}, {""security_id"": ""AMZN"", ""quantity"": 100.0, ""price"": 98.28}, {""security_id"": ""GOOGL"", ""quantity"": 100.0, ""price"": 172.14}, {""security_id"": ""MSFT"", ""quantity"": 100.0, ""price"": 329.85}]"
2024-12-23,FUND1,1098399.85,1022043.8,"[{""security_id"": ""AAPL"", ""quantity"": 100.0, ""price"": 162.43}, {""security_id"": ""AMZN"", ""quantity"": 100.0, ""price"": 98.34}, {""security_id"": ""GOOGL"", ""quantity"": 100.0, ""price"": 169.52}, {""security_id"": ""MSFT"", ""quantity"": 100.0, ""price"": 330.72}]"
2024-12-24,FUND1,1097087.66,1022043.8,"[{""security_id"": ""AAPL"", ""quantity"": 100.0, ""price"": 161.37}, {""security_id"": ""AMZN"", ""quantity"": 100.0, ""price"": 96.97}, {""security_id"": ""GOOGL"", ""quantity"": 100.0, ""price"": 164.64}, {""security_id"": ""MSFT"", ""quantity"": 100.0, ""price"": 332.98}]"
2024-12-25,FUND1,1099332.25,1022043.8,"[{""security_id"": ""AAPL"", ""quantity"": 100.0, ""price"": 161.02}, {""security_id"": ""AMZN"", ""quantity"": 100.0, ""price"": 97.22}, {""security_id"": ""GOOGL"", ""quantity"": 100.0, ""price"": 165.39}, {""security_id"": ""MSFT"", ""quantity"": 100.0, ""price"": 352.68}]"
2024-12-26,FUND1,1100547.4,1022043.8,"[{""security_id"": ""AAPL"", ""quantity"": 100.0, ""price"": 157.13}, {""security_id"": ""AMZN"", ""quantity"": 100.0, ""price"": 97.12}, {""security_id"": ""GOOGL"", ""quantity"": 100.0, ""price"": 165.18}, {""security_id"": ""MSFT"", ""quantity"": 100.0, ""price"": 358.21}]"
2024-12-27,FUND1,1098903.89,1022043.8,"[{""security_id"": ""AAPL"", ""quantity"": 100.0, ""price"": 156.49}, {""security_id"": ""AMZN"", ""quantity"": 100.0, ""price"": 94.84}, {""security_id"": ""GOOGL"", ""quantity"": 100.0, ""price"": 163.92}, {""security_id"": ""MSFT"", ""quantity"": 100.0, ""price"": 353.77}]"
2024-12-30,FUND1,1098368.64,1022043.8,"[{""security_id"": ""AAPL"", ""quantity"": 100.0, ""price"": 155.78}, {""security_id"": ""AMZN"", ""quantity"": 100.0, ""price"": 92.39}, {""security_id"": ""GOOGL"", ""quantity"": 100.0, ""price"": 155.46}, {""security_id"": ""MSFT"", ""quantity"": 100.0, ""price"": 360.08}]"
2024-12-31,FUND1,1098469.0,1022803.52,"[{""security_id"": ""AAPL"", ""quantity"": 100.0, ""price"": 156.47}, {""security_id"": ""AMZN"", ""quantity"": 100.0, ""price"": 93.36}, {""security_id"": ""GOOGL"", ""quantity"": 100.0, ""price"": 152.05}, {""security_id"": ""MSFT"", ""quantity"": 100.0, ""price"": 357.84}]"
2025-01-01,FUND1,1108334.12,1032803.52,"[{""security_id"": ""AAPL"", ""quantity"": 100.0, ""price"": 154.96}, {""security_id"": ""AMZN"", ""quantity"": 100.0, ""price"": 89.11}, {""security_id"": ""GOOGL"", ""quantity"": 100.0, ""price"": 155.19}, {""security_id"": ""MSFT"", ""quantity"": 100.0, ""price"": 354.78}]"
2025-01-02,FUND1,1109476.61,1032803.52,"[{""security_id"": ""AAPL"", ""quantity"": 100.0, ""price"": 156.32}, {""security_id"": ""AMZN"", ""quantity"": 100.0, ""price"": 89.46}, {""security_id"": ""GOOGL"", ""quantity"": 100.0, ""price"": 153.38}, {""security_id"": ""MSFT"", ""quantity"": 100.0, ""price"": 360.73}]"
2025-01-03,FUND1,1109985.36,1032803.52,"[{""security_id"": ""AAPL"", ""quantity"": 100.0, ""price"": 159.23}, {""security_id"": ""AMZN"", ""quantity"": 100.0, ""price"": 88.72}, {""security_id"": ""GOOGL"", ""quantity"": 100.0, ""price"": 154.42}, {""security_id"": ""MSFT"", ""quantity"": 100.0, ""price"": 361.02}]"
2025-01-06,FUND1,1108594.96,1032803.52,"[{""security_id"": ""AAPL"", ""quantity"": 100.0, ""price"": 159.72}, {""security_id"": ""AMZN"", ""quantity"": 100.0, ""price"": 90.85}, {""security_id"": ""GOOGL"", ""quantity"": 100.0, ""price"": 150.64}, {""security_id"": ""MSFT"", ""quantity"": 100.0, ""price"": 362.92}]"
2025-01-07,FUND1,1109934.86,1032803.52,"[{""security_id"": ""AAPL"", ""quantity"": 100.0, ""price"": 160.77}, {""security_id"": ""AMZN"", ""quantity"": 100.0, ""price"": 90.07}, {""security_id"": ""GOOGL"", ""quantity"": 100.0, ""price"": 154.63}, {""security_id"": ""MSFT"", ""quantity"": 100.0, ""price"": 363.1}]"
2025-01-08,FUND1,1110067.87,1032803.52,"[{""security_id"": ""AAPL"", ""quantity"": 100.0, ""price"": 160.97}, {""security_id"": ""AMZN"", ""quantity"": 100.0, ""price"": 91.17}, {""security_id"": ""GOOGL"", ""quantity"": 100.0, ""price"": 154.27}, {""security_id"": ""MSFT"", ""quantity"": 100.0, ""price"": 365.4}]"
2025-01-09,FUND1,1110644.05,1032803.52,"[{""security_id"": ""AAPL"", ""quantity"": 100.0, ""price"": 161.01}, {""security_id"": ""AMZN"", ""quantity"": 100.0, ""price"": 90.54}, {""security_id"": ""GOOGL"", ""quantity"": 100.0, ""price"": 155.11}, {""security_id"": ""MSFT"", ""quantity"": 100.0, ""price"": 368.3}]"
2025-01-10,FUND1,1109578.39,1032803.52,"[{""security_id"": ""AAPL"", ""quantity"": 100.0, ""price"": 158.97}, {""security_id"": ""AMZN"", ""quantity"": 100.0, ""price"": 90.75}, {""security_id"": ""GOOGL"", ""quantity"": 100.0, ""price"": 161.78}, {""security_id"": ""MSFT"", ""quantity"": 100.0, ""price"": 355.77}]"
2025-01-13,FUND1,1110600.87,1032803.52,"[{""security_id"": ""AAPL"", ""quantity"": 100.0, ""price"": 159.92}, {""security_id"": ""AMZN"", ""quantity"": 100.0, ""price"": 91.99}, {""security_id"": ""GOOGL"", ""quantity"": 100.0, ""price"": 166.3}, {""security_id"": ""MSFT"", ""quantity"": 100.0, ""price"": 360.15}]"
2025-01-14,FUND1,1109924.06,1032803.52,"[{""security_id"": ""AAPL"", ""quantity"": 100.0, ""price"": 159.68}, {""security_id"": ""AMZN"", ""quantity"": 100.0, ""price"": 91.25}, {""security_id"": ""GOOGL"", ""quantity"": 100.0, ""price"": 165.43}, {""security_id"": ""MSFT"", ""quantity"": 100.0, ""price"": 353.93}]"
2025-01-15,FUND1,1109833.59,1032803.52,"[{""security_id"": ""AAPL"", ""quantity"": 100.0, ""price"": 165.85}, {""security_id"": ""AMZN"", ""quantity"": 100.0, ""price"": 92.92}, {""security_id"": ""GOOGL"", ""quantity"": 100.0, ""price"": 163.71}, {""security_id"": ""MSFT"", ""quantity"": 100.0, ""price"": 344.95}]"
2025-01-16,FUND1,1109889.75,1032803.52,"[{""security_id"": ""AAPL"", ""quantity"": 100.0, ""price"": 170.66}, {""security_id"": ""AMZN"", ""quantity"": 100.0, ""price"": 91.3}, {""security_id"": ""GOOGL"", ""quantity"": 100.0, ""price"": 162.8}, {""security_id"": ""MSFT"", ""quantity"": 100.0, ""price"": 344.67}]"
2025-01-17,FUND1,1110226.52,1032803.52,"[{""security_id"": ""AAPL"", ""quantity"": 100.0, ""price"": 171.89}, {""security_id"": ""AMZN"", ""quantity"": 100.0, ""price"": 91.8}, {""security_id"": ""GOOGL"", ""quantity"": 100.0, ""price"": 164.34}, {""security_id"": ""MSFT"", ""quantity"": 100.0, ""price"": 345.28}]"
2025-01-20,FUND1,1110320.35,1032803.52,"[{""security_id"": ""AAPL"", ""quantity"": 100.0, ""price"": 169.59}, {""security_id"": ""AMZN"", ""quantity"": 100.0, ""price"": 93.37}, {""security_id"": ""GOOGL"", ""quantity"": 100.0, ""price"": 164.07}, {""security_id"": ""MSFT"", ""quantity"": 100.0, ""price"": 341.08}]"
2025-01-21,FUND1,1110384.25,1032803.52,"[{""security_id"": ""AAPL"", ""quantity"": 100.0, ""price"": 166.27}, {""security_id"": ""AMZN"", ""quantity"": 100.0, ""price"": 94.5}, {""security_id"": ""GOOGL"", ""quantity"": 100.0, ""price"": 162.95}, {""security_id"": ""MSFT"", ""quantity"": 100.0, ""price"": 346.31}]"
2025-01-22,FUND1,1109987.22,1032803.52,"[{""security_id"": ""AAPL"", ""quantity"": 100.0, ""price"": 169.91}, {""security_id"": ""AMZN"", ""quantity"": 100.0, ""price"": 97.85}, {""security_id"": ""GOOGL"", ""quantity"": 100.0, ""price"": 167.35}, {""security_id"": ""MSFT"", ""quantity"": 100.0, ""price"": 338.13}]"
2025-01-23,FUND1,1110486.8,1032803.52,"[{""security_id"": ""AAPL"", ""quantity"": 100.0, ""price"": 170.76}, {""security_id"": ""AMZN"", ""quantity"": 100.0, ""price"": 96.53}, {""security_id"": ""GOOGL"", ""quantity"": 100.0, ""price"": 167.05}, {""security_id"": ""MSFT"", ""quantity"": 100.0, ""price"": 335.74}]"
2025-01-24,FUND1,1110867.22,1032803.52,"[{""security_id"": ""AAPL"", ""quantity"": 100.0, ""price"": 172.29}, {""security_id"": ""AMZN"", ""quantity"": 100.0, ""price"": 94.19}, {""security_id"": ""GOOGL"", ""quantity"": 100.0, ""price"": 174.15}, {""security_id"": ""MSFT"", ""quantity"": 100.0, ""price"": 332.31}]"
2025-01-27,FUND1,1108942.85,1032803.52,"[{""security_id"": ""AAPL"", ""quantity"": 100.0, ""price"": 167.0}, {""security_id"": ""AMZN"", ""quantity"": 100.0, ""price"": 92.54}, {""security_id"": ""GOOGL"", ""quantity"": 100.0, ""price"": 174.48}, {""security_id"": ""MSFT"", ""quantity"": 100.0, ""price"": 332.11}]"
2025-01-28,FUND1,1110852.94,1032803.52,"[{""security_id"": ""AAPL"", ""quantity"": 100.0, ""price"": 169.85}, {""security_id"": ""AMZN"", ""quantity"": 100.0, ""price"": 93.67}, {""security_id"": ""GOOGL"", ""quantity"": 100.0, ""price"": 180.22}, {""security_id"": ""MSFT"", ""quantity"": 100.0, ""price"": 333.87}]"
2025-01-29,FUND1,1110084.55,1032803.52,"[{""security_id"": ""AAPL"", ""quantity"": 100.0, ""price"": 171.29}, {""security_id"": ""AMZN"", ""quantity"": 100.0, ""price"": 94.54}, {""security_id"": ""GOOGL"", ""quantity"": 100.0, ""price"": 181.43}, {""security_id"": ""MSFT"", ""quantity"": 100.0, ""price"": 327.95}]"
2025-01-30,FUND1,1111337.12,1032803.52,"[{""security_id"": ""AAPL"", ""quantity"": 100.0, ""price"": 167.94}, {""security_id"": ""AMZN"", ""quantity"": 100.0, ""price"": 94.74}, {""security_id"": ""GOOGL"", ""quantity"": 100.0, ""price"": 184.65}, {""security_id"": ""MSFT"", ""quantity"": 100.0, ""price"": 332.34}]"
2025-01-31,FUND1,1109934.92,1032803.52,"[{""security_id"": ""AAPL"", ""quantity"": 100.0, ""price"": 166.57}, {""security_id"": ""AMZN"", ""quantity"": 100.0, ""price"": 92.87}, {""security_id"": ""GOOGL"", ""quantity"": 100.0, ""price"": 182.3}, {""security_id"": ""MSFT"", ""quantity"": 100.0, ""price"": 332.8}]"
2025-02-03,FUND1,1119541.31,1042803.52,"[{""security_id"": ""AAPL"", ""quantity"": 100.0, ""price"": 167.4}, {""security_id"": ""AMZN"", ""quantity"": 100.0, ""price"": 94.18}, {""security_id"": ""GOOGL"", ""quantity"": 100.0, ""price"": 179.57}, {""security_id"": ""MSFT"", ""quantity"": 100.0, ""price"": 321.73}]"
2025-02-04,FUND1,1117660.3,1042803.52,"[{""security_id"": ""AAPL"", ""quantity"": 100.0, ""price"": 167.6}, {""security_id"": ""AMZN"", ""quantity"": 100.0, ""price"": 92.15}, {""security_id"": ""GOOGL"", ""quantity"": 100.0, ""price"": 181.1}, {""security_id"": ""MSFT"", ""quantity"": 100.0, ""price"": 310.67}]"
2025-02-05,FUND1,1118561.31,1042803.52,"[{""security_id"": ""AAPL"", ""quantity"": 100.0, ""price"": 166.76}, {""security_id"": ""AMZN"", ""quantity"": 100.0, ""price"": 94.12}, {""security_id"": ""GOOGL"", ""quantity"": 100.0, ""price"": 184.4}, {""security_id"": ""MSFT"", ""quantity"": 100.0, ""price"": 310.67}]"
2025-02-06,FUND1,1119720.57,1042803.52,"[{""security_id"": ""AAPL"", ""quantity"": 100.0, ""price"": 166.5}, {""security_id"": ""AMZN"", ""quantity"": 100.0, ""price"": 99.11}, {""security_id"": ""GOOGL"", ""quantity"": 100.0, ""price"": 184.58}, {""security_id"": ""MSFT"", ""quantity"": 100.0, ""price"": 309.52}]"
2025-02-07,FUND1,1118232.97,1042803.52,"[{""security_id"": ""AAPL"", ""quantity"": 100.0, ""price"": 165.78}, {""security_id"": ""AMZN"", ""quantity"": 100.0, ""price"": 99.79}, {""security_id"": ""GOOGL"", ""quantity"": 100.0, ""price"": 180.4}, {""security_id"": ""MSFT"", ""quantity"": 100.0, ""price"": 309.02}]"
2025-02-10,FUND1,1118835.59,1042803.52,"[{""security_id"": ""AAPL"", ""quantity"": 100.0, ""price"": 166.28}, {""security_id"": ""AMZN"", ""quantity"": 100.0, ""price"": 100.87}, {""security_id"": ""GOOGL"", ""quantity"": 100.0, ""price"": 176.08}, {""security_id"": ""MSFT"", ""quantity"": 100.0, ""price"": 308.94}]"
2025-02-11,FUND1,1119090.59,1042803.52,"[{""security_id"": ""AAPL"", ""quantity"": 100.0, ""price"": 170.79}, {""security_id"": ""AMZN"", ""quantity"": 100.0, ""price"": 100.0}, {""security_id"": ""GOOGL"", ""quantity"": 100.0, ""price"": 171.66}, {""security_id"": ""MSFT"", ""quantity"": 100.0, ""price"": 310.28}]"
2025-02-12,FUND1,1117811.39,1042803.52,"[{""security_id"": ""AAPL"", ""quantity"": 100.0, ""price"": 163.12}, {""security_id"": ""AMZN"", ""quantity"": 100.0, ""price"": 96.82}, {""security_id"": ""GOOGL"", ""quantity"": 100.0, ""price"": 166.32}, {""security_id"": ""MSFT"", ""quantity"": 100.0, ""price"": 315.69}]"
2025-02-13,FUND1,1115796.53,1042803.52,"[{""security_id"": ""AAPL"", ""quantity"": 100.0, ""price"": 162.46}, {""security_id"": ""AMZN"", ""quantity"": 100.0, ""price"": 95.8}, {""security_id"": ""GOOGL"", ""quantity"": 100.0, ""price"": 166.69}, {""security_id"": ""MSFT"", ""quantity"": 100.0, ""price"": 309.52}]"
2025-02-14,FUND1,1116543.14,1042803.52,"[{""security_id"": ""AAPL"", ""quantity"": 100.0, ""price"": 163.02}, {""security_id"": ""AMZN"", ""quantity"": 100.0, ""price"": 93.96}, {""security_id"": ""GOOGL"", ""quantity"": 100.0, ""price"": 170.15}, {""security_id"": ""MSFT"", ""quantity"": 100.0, ""price"": 303.13}]"
2025-02-17,FUND1,1114405.54,1042803.52,"[{""security_id"": ""AAPL"", ""quantity"": 100.0, ""price"": 163.93}, {""security_id"": ""AMZN"", ""quantity"": 100.0, ""price"": 91.56}, {""security_id"": ""GOOGL"", ""quantity"": 100.0, ""price"": 170.15}, {""security_id"": ""MSFT"", ""quantity"": 100.0, ""price"": 297.3}]"
2025-02-18,FUND1,1114725.03,1042803.52,"[{""security_id"": ""AAPL"", ""quantity"": 100.0, ""price"": 162.88}, {""security_id"": ""AMZN"", ""quantity"": 100.0, ""price"": 94.47}, {""security_id"": ""GOOGL"", ""quantity"": 100.0, ""price"": 163.41}, {""security_id"": ""MSFT"", ""quantity"": 100.0, ""price"": 298.93}]"
2025-02-19,FUND1,1115755.81,1042803.52,"[{""security_id"": ""AAPL"", ""quantity"": 100.0, ""price"": 157.85}, {""security_id"": ""AMZN"", ""quantity"": 100.0, ""price"": 94.96}, {""security_id"": ""GOOGL"", ""quantity"": 100.0, ""price"": 162.89}, {""security_id"": ""MSFT"", ""quantity"": 100.0, ""price"": 305.78}]"
2025-02-20,FUND1,1115322.1,1042803.52,"[{""security_id"": ""AAPL"", ""quantity"": 100.0, ""price"": 158.82}, {""security_id"": ""AMZN"", ""quantity"": 100.0, ""price"": 95.63}, {""security_id"": ""GOOGL"", ""quantity"": 100.0, ""price"": 162.45}, {""security_id"": ""MSFT"", ""quantity"": 100.0, ""price"": 303.49}]"
2025-02-21,FUND1,1114799.77,1042803.52,"[{""security_id"": ""AAPL"", ""quantity"": 100.0, ""price"": 163.88}, {""security_id"": ""AMZN"", ""quantity"": 100.0, ""price"": 95.13}, {""security_id"": ""GOOGL"", ""quantity"": 100.0, ""price"": 168.74}, {""security_id"": ""MSFT"", ""quantity"": 100.0, ""price"": 290.2}]"
2025-02-24,FUND1,1112769.68,1042803.52,"[{""security_id"": ""AAPL"", ""quantity"": 100.0, ""price"": 159.46}, {""security_id"": ""AMZN"", ""quantity"": 100.0, ""price"": 94.86}, {""security_id"": ""GOOGL"", ""quantity"": 100.0, ""price"": 164.41}, {""security_id"": ""MSFT"", ""quantity"": 100.0, ""price"": 281.5}]"
2025-02-25,FUND1,1113424.44,1042803.52,"[{""security_id"": ""AAPL"", ""quantity"": 100.0, ""price"": 162.0}, {""security_id"": ""AMZN"", ""quantity"": 100.0, ""price"": 96.54}, {""security_id"": ""GOOGL"", ""quantity"": 100.0, ""price"": 163.3}, {""security_id"": ""MSFT"", ""quantity"": 100.0, ""price"": 277.38}]"
2025-02-26,FUND1,1113389.56,1042803.52,"[{""security_id"": ""AAPL"", ""quantity"": 100.0, ""price"": 161.08}, {""security_id"": ""AMZN"", ""quantity"": 100.0, ""price"": 96.51}, {""security_id"": ""GOOGL"", ""quantity"": 100.0, ""price"": 168.43}, {""security_id"": ""MSFT"", ""quantity"": 100.0, ""price"": 274.68}]"
2025-02-27,FUND1,1112989.1,1042803.52,"[{""security_id"": ""AAPL"", ""quantity"": 100.0, ""price"": 160.94}, {""security_id"": ""AMZN"", ""quantity"": 100.0, ""price"": 97.46}, {""security_id"": ""GOOGL"", ""quantity"": 100.0, ""price"": 169.85}, {""security_id"": ""MSFT"", ""quantity"": 100.0, ""price"": 272.74}]"
2025-02-28,FUND1,1113616.25,1042803.52,"[{""security_id"": ""AAPL"", ""quantity"": 100.0, ""price"": 157.96}, {""security_id"": ""AMZN"", ""quantity"": 100.0, ""price"": 97.14}, {""security_id"": ""GOOGL"", ""quantity"": 100.0, ""price"": 171.62}, {""security_id"": ""MSFT"", ""quantity"": 100.0, ""price"": 272.99}]"
2025-03-03,FUND1,1122179.66,1052803.52,"[{""security_id"": ""AAPL"", ""quantity"": 100.0, ""price"": 157.05}, {""security_id"": ""AMZN"", ""quantity"": 100.0, ""price"": 96.57}, {""security_id"": ""GOOGL"", ""quantity"": 100.0, ""price"": 172.02}, {""security_id"": ""MSFT"", ""quantity"": 100.0, ""price"": 271.53}]"
2025-03-04,FUND1,1122840.27,1052803.52,"[{""security_id"": ""AAPL"", ""quantity"": 100.0, ""price"": 160.81}, {""security_id"": ""AMZN"", ""quantity"": 100.0, ""price"": 94.18}, {""security_id"": ""GOOGL"", ""quantity"": 100.0, ""price"": 173.08}, {""security_id"": ""MSFT"", ""quantity"": 100.0, ""price"": 276.78}]"
2025-03-05,FUND1,1123457.38,1052803.52,"[{""security_id"": ""AAPL"", ""quantity"": 100.0, ""price"": 162.55}, {""security_id"": ""AMZN"", ""quantity"": 100.0, ""price"": 90.91}, {""security_id"": ""GOOGL"", ""quantity"": 100.0, ""price"": 175.57}, {""security_id"": ""MSFT"", ""quantity"": 100.0, ""price"": 273.5}]"
2025-03-06,FUND1,1123862.83,1052803.52,"[{""security_id"": ""AAPL"", ""quantity"": 100.0, ""price"": 167.74}, {""security_id"": ""AMZN"", ""quantity"": 100.0, ""price"": 90.5}, {""security_id"": ""GOOGL"", ""quantity"": 100.0, ""price"": 173.07}, {""security_id"": ""MSFT"", ""quantity"": 100.0, ""price"": 269.36}]"
2025-03-07,FUND1,1123455.24,1052803.52,"[{""security_id"": ""AAPL"", ""quantity"": 100.0, ""price"": 171.37}, {""security_id"": ""AMZN"", ""quantity"": 100.0, ""price"": 90.62}, {""security_id"": ""GOOGL"", ""quantity"": 100.0, ""price"": 175.87}, {""security_id"": ""MSFT"", ""quantity"": 100.0, ""price"": 271.76}]"
2025-03-10,FUND1,1122235.07,1052803.52,"[{""security_id"": ""AAPL"", ""quantity"": 100.0, ""price"": 172.78}, {""security_id"": ""AMZN"", ""quantity"": 100.0, ""price"": 88.56}, {""security_id"": ""GOOGL"", ""quantity"": 100.0, ""price"": 171.62}, {""security_id"": ""MSFT"", ""quantity"": 100.0, ""price"": 264.41}]"
2025-03-11,FUND1,1122887.68,1052803.52,"[{""security_id"": ""AAPL"", ""quantity"": 100.0, ""price"": 178.33}, {""security_id"": ""AMZN"", ""quantity"": 100.0, ""price"": 88.53}, {""security_id"": ""GOOGL"", ""quantity"": 100.0, ""price"": 172.68}, {""security_id"": ""MSFT"", ""quantity"": 100.0, ""price"": 266.34}]"
2025-03-12,FUND1,1124457.07,1052803.52,"[{""security_id"": ""AAPL"", ""quantity"": 100.0, ""price"": 179.79}, {""security_id"": ""AMZN"", ""quantity"": 100.0, ""price"": 88.64}, {""security_id"": ""GOOGL"", ""quantity"": 100.0, ""price"": 173.28}, {""security_id"": ""MSFT"", ""quantity"": 100.0, ""price"": 266.9}]"
2025-03-13,FUND1,1123005.91,1052803.52,"[{""security_id"": ""AAPL"", ""quantity"": 100.0, ""price"": 182.54}, {""security_id"": ""AMZN"", ""quantity"": 100.0, ""price"": 85.29}, {""security_id"": ""GOOGL"", ""quantity"": 100.0, ""price"": 171.41}, {""security_id"": ""MSFT"", ""quantity"": 100.0, ""price"": 266.26}]"
2025-03-14,FUND1,1124049.46,1052803.52,"[{""security_id"": ""AAPL"", ""quantity"": 100.0, ""price"": 181.61}, {""security_id"": ""AMZN"", ""quantity"": 100.0, ""price"": 83.91}, {""security_id"": ""GOOGL"", ""quantity"": 100.0, ""price"": 171.39}, {""security_id"": ""MSFT"", ""quantity"": 100.0, ""price"": 274.05}]"
2025-03-17,FUND1,1124531.25,1052803.52,"[{""security_id"": ""AAPL"", ""quantity"": 100.0, ""price"": 181.87}, {""security_id"": ""AMZN"", ""quantity"": 100.0, ""price"": 84.55}, {""security_id"": ""GOOGL"", ""quantity"": 100.0, ""price"": 169.52}, {""security_id"": ""MSFT"", ""quantity"": 100.0, ""price"": 271.07}]"
2025-03-18,FUND1,1123322.22,1052803.52,"[{""security_id"": ""AAPL"", ""quantity"": 100.0, ""price"": 179.65}, {""security_id"": ""AMZN"", ""quantity"": 100.0, ""price"": 85.17}, {""security_id"": ""GOOGL"", ""quantity"": 100.0, ""price"": 166.32}, {""security_id"": ""MSFT"", ""quantity"": 100.0, ""price"": 281.38}]"
2025-03-19,FUND1,1124247.34,1052803.52,"[{""security_id"": ""AAPL"", ""quantity"": 100.0, ""price"": 182.92}, {""security_id"": ""AMZN"", ""quantity"": 100.0, ""price"": 83.44}, {""security_id"": ""GOOGL"", ""quantity"": 100.0, ""price"": 165.31}, {""security_id"": ""MSFT"", ""quantity"": 100.0, ""price"": 280.31}]"
2025-03-20,FUND1,1122863.82,1052803.52,"[{""security_id"": ""AAPL"", ""quantity"": 100.0, ""price"": 179.13}, {""security_id"": ""AMZN"", ""quantity"": 100.0, ""price"": 83.7}, {""security_id"": ""GOOGL"", ""quantity"": 100.0, ""price"": 162.1}, {""security_id"": ""MSFT"", ""quantity"": 100.0, ""price"": 274.01}]"
2025-03-21,FUND1,1123949.36,1052803.52,"[{""security_id"": ""AAPL"", ""quantity"": 100.0, ""price"": 181.72}, {""security_id"": ""AMZN"", ""quantity"": 100.0, ""price"": 85.27}, {""security_id"": ""GOOGL"", ""quantity"": 100.0, ""price"": 163.08}, {""security_id"": ""MSFT"", ""quantity"": 100.0, ""price"": 274.42}]"
2025-03-24,FUND1,1122350.8,1052803.52,"[{""security_id"": ""AAPL"", ""quantity"": 100.0, ""price"": 181.14}, {""security_id"": ""AMZN"", ""quantity"": 100.0, ""price"": 86.49}, {""security_id"": ""GOOGL"", ""quantity"": 100.0, ""price"": 159.78}, {""security_id"": ""MSFT"", ""quantity"": 100.0, ""price"": 269.22}]"
2025-03-25,FUND1,1122682.66,1052803.52,"[{""security_id"": ""AAPL"", ""quantity"": 100.0, ""price"": 185.04}, {""security_id"": ""AMZN"", ""quantity"": 100.0, ""price"": 86.37}, {""security_id"": ""GOOGL"", ""quantity"": 100.0, ""price"": 161.88}, {""security_id"": ""MSFT"", ""quantity"": 100.0, ""price"": 265.67}]"
2025-03-26,FUND1,1122294.15,1052803.52,"[{""security_id"": ""AAPL"", ""quantity"": 100.0, ""price"": 187.61}, {""security_id"": ""AMZN"", ""quantity"": 100.0, ""price"": 85.66}, {""security_id"": ""GOOGL"", ""quantity"": 100.0, ""price"": 158.52}, {""security_id"": ""MSFT"", ""quantity"": 100.0, ""price"": 267.64}]"
2025-03-27,FUND1,1123978.65,1052803.52,"[{""security_id"": ""AAPL"", ""quantity"": 100.0, ""price"": 193.91}, {""security_id"": ""AMZN"", ""quantity"": 100.0, ""price"": 84.72}, {""security_id"": ""GOOGL"", ""quantity"": 100.0, ""price"": 156.95}, {""security_id"": ""MSFT"", ""quantity"": 100.0, ""price"": 270.4}]"
2025-03-28,FUND1,1123926.49,1052803.52,"[{""security_id"": ""AAPL"", ""quantity"": 100.0, ""price"": 196.52}, {""security_id"": ""AMZN"", ""quantity"": 100.0, ""price"": 85.46}, {""security_id"": ""GOOGL"", ""quantity"": 100.0, ""price"": 155.23}, {""security_id"": ""MSFT"", ""quantity"": 100.0, ""price"": 267.46}]"
2025-03-31,FUND1,1123823.34,1053511.73,"[{""security_id"": ""AAPL"", ""quantity"": 100.0, ""price"": 191.09}, {""security_id"": ""AMZN"", ""quantity"": 100.0, ""price"": 85.78}, {""security_id"": ""GOOGL"", ""quantity"": 100.0, ""price"": 159.02}, {""security_id"": ""MSFT"", ""quantity"": 100.0, ""price"": 272.32}]"
2025-04-01,FUND1,1135045.89,1063511.73,"[{""security_id"": ""AAPL"", ""quantity"": 100.0, ""price"": 190.91}, {""security_id"": ""AMZN"", ""quantity"": 100.0, ""price"": 86.78}, {""security_id"": ""GOOGL"", ""quantity"": 100.0, ""price"": 160.01}, {""security_id"": ""MSFT"", ""quantity"": 100.0, ""price"": 278.12}]"
2025-04-02,FUND1,1136261.28,1063511.73,"[{""security_id"": ""AAPL"", ""quantity"": 100.0, ""price"": 186.97}, {""security_id"": ""AMZN"", ""quantity"": 100.0, ""price"": 87.01}, {""security_id"": ""GOOGL"", ""quantity"": 100.0, ""price"": 159.44}, {""security_id"": ""MSFT"", ""quantity"": 100.0, ""price"": 285.48}]"
2025-04-03,FUND1,1135033.59,1063511.73,"[{""security_id"": ""AAPL"", ""quantity"": 100.0, ""price"": 185.28}, {""security_id"": ""AMZN"", ""quantity"": 100.0, ""price"": 88.32}, {""security_id"": ""GOOGL"", ""quantity"": 100.0, ""price"": 160.92}, {""security_id"": ""MSFT"", ""quantity"": 100.0, ""price"": 288.28}]"
2025-04-04,FUND1,1136231.45,1063511.73,"[{""security_id"": ""AAPL"", ""quantity"": 100.0, ""price"": 190.43}, {""security_id"": ""AMZN"", ""quantity"": 100.0, ""price"": 88.49}, {""security_id"": ""GOOGL"", ""quantity"": 100.0, ""price"": 154.96}, {""security_id"": ""MSFT"", ""quantity"": 100.0, ""price"": 295.52}]"
2025-04-07,FUND1,1136066.46,1063511.73,"[{""security_id"": ""AAPL"", ""quantity"": 100.0, ""price"": 192.68}, {""security_id"": ""AMZN"", ""quantity"": 100.0, ""price"": 89.78}, {""security_id"": ""GOOGL"", ""quantity"": 100.0, ""price"": 154.88}, {""security_id"": ""MSFT"", ""quantity"": 100.0, ""price"": 285.75}]"
2025-04-08,FUND1,1135988.79,1063511.73,"[{""security_id"": ""AAPL"", ""quantity"": 100.0, ""price"": 190.32}, {""security_id"": ""AMZN"", ""quantity"": 100.0, ""price"": 91.22}, {""security_id"": ""GOOGL"", ""quantity"": 100.0, ""price"": 160.59}, {""security_id"": ""MSFT"", ""quantity"": 100.0, ""price"": 284.2}]"
2025-04-09,FUND1,1135016.29,1063511.73,"[{""security_id"": ""AAPL"", ""quantity"": 100.0, ""price"": 186.92}, {""security_id"": ""AMZN"", ""quantity"": 100.0, ""price"": 89.93}, {""security_id"": ""GOOGL"", ""quantity"": 100.0, ""price"": 161.02}, {""security_id"": ""MSFT"", ""quantity"": 100.0, ""price"": 279.86}]"
2025-04-10,FUND1,1135178.83,1063511.73,"[{""security_id"": ""AAPL"", ""quantity"": 100.0, ""price"": 187.08}, {""security_id"": ""AMZN"", ""quantity"": 100.0, ""price"": 87.07}, {""security_id"": ""GOOGL"", ""quantity"": 100.0, ""price"": 161.25}, {""security_id"": ""MSFT"", ""quantity"": 100.0, ""price"": 280.54}]"
2025-04-11,FUND1,1134403.07,1063511.73,"[{""security_id"": ""AAPL"", ""quantity"": 100.0, ""price"": 183.08}, {""security_id"": ""AMZN"", ""quantity"": 100.0, ""price"": 89.54}, {""security_id"": ""GOOGL"", ""quantity"": 100.0, ""price"": 162.89}, {""security_id"": ""MSFT"", ""quantity"": 100.0, ""price"": 277.73}]"
2025-04-14,FUND1,1135056.22,1063511.73,"[{""security_id"": ""AAPL"", ""quantity"": 100.0, ""price"": 180.92}, {""security_id"": ""AMZN"", ""quantity"": 100.0, ""price"": 89.98}, {""security_id"": ""GOOGL"", ""quantity"": 100.0, ""price"": 165.58}, {""security_id"": ""MSFT"", ""quantity"": 100.0, ""price"": 276.97}]"
2025-04-15,FUND1,1135594.85,1063511.73,"[{""security_id"": ""AAPL"", ""quantity"": 100.0, ""price"": 181.99}, {""security_id"": ""AMZN"", ""quantity"": 100.0, ""price"": 87.27}, {""security_id"": ""GOOGL"", ""quantity"": 100.0, ""price"": 159.77}, {""security_id"": ""MSFT"", ""quantity"": 100.0, ""price"": 286.59}]"
2025-04-16,FUND1,1135082.15,1063511.73,"[{""security_id"": ""AAPL"", ""quantity"": 100.0, ""price"": 185.86}, {""security_id"": ""AMZN"", ""quantity"": 100.0, ""price"": 86.18}, {""security_id"": ""GOOGL"", ""quantity"": 100.0, ""price"": 155.05}, {""security_id"": ""MSFT"", ""quantity"": 100.0, ""price"": 285.79}]"
2025-04-17,FUND1,1134820.14,1063511.73,"[{""security_id"": ""AAPL"", ""quantity"": 100.0, ""price"": 187.95}, {""security_id"": ""AMZN"", ""quantity"": 100.0, ""price"": 87.4}, {""security_id"": ""GOOGL"", ""quantity"": 100.0, ""price"": 155.67}, {""security_id"": ""MSFT"", ""quantity"": 100.0, ""price"": 288.0}]"
2025-04-18,FUND1,1135080.56,1063511.73,"[{""security_id"": ""AAPL"", ""quantity"": 100.0, ""price"": 180.4}, {""security_id"": ""AMZN"", ""quantity"": 100.0, ""price"": 86.99}, {""security_id"": ""GOOGL"", ""quantity"": 100.0, ""price"": 153.72}, {""security_id"": ""MSFT"", ""quantity"": 100.0, ""price"": 286.87}]"
2025-04-21,FUND1,1134309.23,1063511.73,"[{""security_id"": ""AAPL"", ""quantity"": 100.0, ""price"": 181.44}, {""security_id"": ""AMZN"", ""quantity"": 100.0, ""price"": 86.21}, {""security_id"": ""GOOGL"", ""quantity"": 100.0, ""price"": 157.44}, {""security_id"": ""MSFT"", ""quantity"": 100.0, ""price"": 287.33}]"
2025-04-22,FUND1,1135554.35,1063511.73,"[{""security_id"": ""AAPL"", ""quantity"": 100.0, ""price"": 181.72}, {""security_id"": ""AMZN"", ""quantity"": 100.0, ""price"": 88.43}, {""security_id"": ""GOOGL"", ""quantity"": 100.0, ""price"": 156.58}, {""security_id"": ""MSFT"", ""quantity"": 100.0, ""price"": 287.43}]"
2025-04-23,FUND1,1134506.26,1063511.73,"[{""security_id"": ""AAPL"", ""quantity"": 100.0, ""price"": 183.13}, {""security_id"": ""AMZN"", ""quantity"": 100.0, ""price"": 86.8}, {""security_id"": ""GOOGL"", ""quantity"": 100.0, ""price"": 151.26}, {""security_id"": ""MSFT"", ""quantity"": 100.0, ""price"": 289.83}]"
2025-04-24,FUND1,1135982.12,1063511.73,"[{""security_id"": ""AAPL"", ""quantity"": 100.0, ""price"": 188.58}, {""security_id"": ""AMZN"", ""quantity"": 100.0, ""price"": 85.59}, {""security_id"": ""GOOGL"", ""quantity"": 100.0, ""price"": 147.89}, {""security_id"": ""MSFT"", ""quantity"": 100.0, ""price"": 296.05}]"
2025-04-25,FUND1,1134475.0,1063511.73,"[{""security_id"": ""AAPL"", ""quantity"": 100.0, ""price"": 181.75}, {""security_id"": ""AMZN"", ""quantity"": 100.0, ""price"": 85.94}, {""security_id"": ""GOOGL"", ""quantity"": 100.0, ""price"": 140.78}, {""security_id"": ""MSFT"", ""quantity"": 100.0, ""price"": 305.04}]"
2025-04-28,FUND1,1134435.39,1063511.73,"[{""security_id"": ""AAPL"", ""quantity"": 100.0, ""price"": 179.87}, {""security_id"": ""AMZN"", ""quantity"": 100.0, ""price"": 86.56}, {""security_id"": ""GOOGL"", ""quantity"": 100.0, ""price"": 140.22}, {""security_id"": ""MSFT"", ""quantity"": 100.0, ""price"": 306.82}]"
2025-04-29,FUND1,1135567.01,1063511.73,"[{""security_id"": ""AAPL"", ""quantity"": 100.0, ""price"": 181.84}, {""security_id"": ""AMZN"", ""quantity"": 100.0, ""price"": 87.36}, {""security_id"": ""GOOGL"", ""quantity"": 100.0, ""price"": 139.78}, {""security_id"": ""MSFT"", ""quantity"": 100.0, ""price"": 310.17}]"
2025-04-30,FUND1,1133634.62,1063511.73,"[{""security_id"": ""AAPL"", ""quantity"": 100.0, ""price"": 176.78}, {""security_id"": ""AMZN"", ""quantity"": 100.0, ""price"": 88.83}, {""security_id"": ""GOOGL"", ""quantity"": 100.0, ""price"": 138.75}, {""security_id"": ""MSFT"", ""quantity"": 100.0, ""price"": 303.89}]"
2025-05-01,FUND1,1144729.43,1073511.73,"[{""security_id"": ""AAPL"", ""quantity"": 100.0, ""price"": 181.58}, {""security_id"": ""AMZN"", ""quantity"": 100.0, ""price"": 89.17}, {""security_id"": ""GOOGL"", ""quantity"": 100.0, ""price"": 141.51}, {""security_id"": ""MSFT"", ""quantity"": 100.0, ""price"": 303.48}]"
2025-05-02,FUND1,1146688.63,1073511.73,"[{""security_id"": ""AAPL"", ""quantity"": 100.0, ""price"": 182.84}, {""security_id"": ""AMZN"", ""quantity"": 100.0, ""price"": 89.98}, {""security_id"": ""GOOGL"", ""quantity"": 100.0, ""price"": 144.63}, {""security_id"": ""MSFT"", ""quantity"": 100.0, ""price"": 308.74}]"
2025-05-05,FUND1,1147594.94,1073511.73,"[{""security_id"": ""AAPL"", ""quantity"": 100.0, ""price"": 185.69}, {""security_id"": ""AMZN"", ""quantity"": 100.0, ""price"": 89.58}, {""security_id"": ""GOOGL"", ""quantity"": 100.0, ""price"": 144.23}, {""security_id"": ""MSFT"", ""quantity"": 100.0, ""price"": 313.67}]"
2025-05-06,FUND1,1145620.85,1073511.73,"[{""security_id"": ""AAPL"", ""quantity"": 100.0, ""price"": 183.84}, {""security_id"": ""AMZN"", ""quantity"": 100.0, ""price"": 89.71}, {""security_id"": ""GOOGL"", ""quantity"": 100.0, ""price"": 138.82}, {""security_id"": ""MSFT"", ""quantity"": 100.0, ""price"": 314.94}]"
2025-05-07,FUND1,1148060.19,1073511.73,"[{""security_id"": ""AAPL"", ""quantity"": 100.0, ""price"": 186.6}, {""security_id"": ""AMZN"", ""quantity"": 100.0, ""price"": 89.9}, {""security_id"": ""GOOGL"", ""quantity"": 100.0, ""price"": 140.41}, {""security_id"": ""MSFT"", ""quantity"": 100.0, ""price"": 320.09}]"
2025-05-08,FUND1,1148747.36,1073511.73,"[{""security_id"": ""AAPL"", ""quantity"": 100.0, ""price"": 190.27}, {""security_id"": ""AMZN"", ""quantity"": 100.0, ""price"": 90.28}, {""security_id"": ""GOOGL"", ""quantity"": 100.0, ""price"": 141.86}, {""security_id"": ""MSFT"", ""quantity"": 100.0, ""price"": 323.01}]"
2025-05-09,FUND1,1149889.54,1073511.73,"[{""security_id"": ""AAPL"", ""quantity"": 100.0, ""price"": 191.12}, {""security_id"": ""AMZN"", ""quantity"": 100.0, ""price"": 91.56}, {""security_id"": ""GOOGL"", ""quantity"": 100.0, ""price"": 142.68}, {""security_id"": ""MSFT"", ""quantity"": 100.0, ""price"": 330.15}]"
2025-05-12,FUND1,1150192.84,1073511.73,"[{""security_id"": ""AAPL"", ""quantity"": 100.0, ""price"": 191.97}, {""security_id"": ""AMZN"", ""quantity"": 100.0, ""price"": 92.51}, {""security_id"": ""GOOGL"", ""quantity"": 100.0, ""price"": 145.26}, {""security_id"": ""MSFT"", ""quantity"": 100.0, ""price"": 331.95}]"
2025-05-13,FUND1,1149756.07,1073511.73,"[{""security_id"": ""AAPL"", ""quantity"": 100.0, ""price"": 192.96}, {""security_id"": ""AMZN"", ""quantity"": 100.0, ""price"": 92.6}, {""security_id"": ""GOOGL"", ""quantity"": 100.0, ""price"": 142.29}, {""security_id"": ""MSFT"", ""quantity"": 100.0, ""price"": 329.92}]"
2025-05-14,FUND1,1149792.95,1073511.73,"[{""security_id"": ""AAPL"", ""quantity"": 100.0, ""price"": 190.03}, {""security_id"": ""AMZN"", ""quantity"": 100.0, ""price"": 91.29}, {""security_id"": ""GOOGL"", ""quantity"": 100.0, ""price"": 147.56}, {""security_id"": ""MSFT"", ""quantity"": 100.0, ""price"": 332.0}]"
2025-05-15,FUND1,1148047.37,1073511.73,"[{""security_id"": ""AAPL"", ""quantity"": 100.0, ""price"": 189.57}, {""security_id"": ""AMZN"", ""quantity"": 100.0, ""price"": 91.42}, {""security_id"": ""GOOGL"", ""quantity"": 100.0, ""price"": 145.07}, {""security_id"": ""MSFT"", ""quantity"": 100.0, ""price"": 315.02}]"
2025-05-16,FUND1,1148914.7,1073511.73,"[{""security_id"": ""AAPL"", ""quantity"": 100.0, ""price"": 189.1}, {""security_id"": ""AMZN"", ""quantity"": 100.0, ""price"": 91.4}, {""security_id"": ""GOOGL"", ""quantity"": 100.0, ""price"": 147.08}, {""security_id"": ""MSFT"", ""quantity"": 100.0, ""price"": 317.28}]"
2025-05-19,FUND1,1145136.39,1073511.73,"[{""security_id"": ""AAPL"", ""quantity"": 100.0, ""price"": 190.46}, {""security_id"": ""AMZN"", ""quantity"": 100.0, ""price"": 91.74}, {""security_id"": ""GOOGL"", ""quantity"": 100.0, ""price"": 142.71}, {""security_id"": ""MSFT"", ""quantity"": 100.0, ""price"": 297.19}]"
2025-05-20,FUND1,1145121.13,1073511.73,"[{""security_id"": ""AAPL"", ""quantity"": 100.0, ""price"": 193.96}, {""security_id"": ""AMZN"", ""quantity"": 100.0, ""price"": 95.48}, {""security_id"": ""GOOGL"", ""quantity"": 100.0, ""price"": 140.38}, {""security_id"": ""MSFT"", ""quantity"": 100.0, ""price"": 288.18}]"
2025-05-21,FUND1,1144862.08,1073511.73,"[{""security_id"": ""AAPL"", ""quantity"": 100.0, ""price"": 190.35}, {""security_id"": ""AMZN"", ""quantity"": 100.0, ""price"": 94.61}, {""security_id"": ""GOOGL"", ""quantity"": 100.0, ""price"": 144.3}, {""security_id"": ""MSFT"", ""quantity"": 100.0, ""price"": 290.61}]"
2025-05-22,FUND1,1146691.29,1073511.73,"[{""security_id"": ""AAPL"", ""quantity"": 100.0, ""price"": 189.97}, {""security_id"": ""AMZN"", ""quantity"": 100.0, ""price"": 95.35}, {""security_id"": ""GOOGL"", ""quantity"": 100.0, ""price"": 143.66}, {""security_id"": ""MSFT"", ""quantity"": 100.0, ""price"": 293.19}]"
2025-05-23,FUND1,1146103.41,1073511.73,"[{""security_id"": ""AAPL"", ""quantity"": 100.0, ""price"": 195.15}, {""security_id"": ""AMZN"", ""quantity"": 100.0, ""price"": 97.23}, {""security_id"": ""GOOGL"", ""quantity"": 100.0, ""price"": 145.88}, {""security_id"": ""MSFT"", ""quantity"": 100.0, ""price"": 287.19}]"
2025-05-26,FUND1,1145997.21,1073511.73,"[{""security_id"": ""AAPL"", ""quantity"": 100.0, ""price"": 192.61}, {""security_id"": ""AMZN"", ""quantity"": 100.0, ""price"": 97.42}, {""security_id"": ""GOOGL"", ""quantity"": 100.0, ""price"": 146.54}, {""security_id"": ""MSFT"", ""quantity"": 100.0, ""price"": 283.6}]"
2025-05-27,FUND1,1147136.54,1073511.73,"[{""security_id"": ""AAPL"", ""quantity"": 100.0, ""price"": 189.82}, {""security_id"": ""AMZN"", ""quantity"": 100.0, ""price"": 101.64}, {""security_id"": ""GOOGL"", ""quantity"": 100.0, ""price"": 146.3}, {""security_id"": ""MSFT"", ""quantity"": 100.0, ""price"": 290.76}]"
2025-05-28,FUND1,1147541.59,1073511.73,"[{""security_id"": ""AAPL"", ""quantity"": 100.0, ""price"": 190.56}, {""security_id"": ""AMZN"", ""quantity"": 100.0, ""price"": 100.97}, {""security_id"": ""GOOGL"", ""quantity"": 100.0, ""price"": 149.98}, {""security_id"": ""MSFT"", ""quantity"": 100.0, ""price"": 288.31}]"
2025-05-29,FUND1,1147513.48,1073511.73,"[{""security_id"": ""AAPL"", ""quantity"": 100.0, ""price"": 193.53}, {""security_id"": ""AMZN"", ""quantity"": 100.0, ""price"": 101.59}, {""security_id"": ""GOOGL"", ""quantity"": 100.0, ""price"": 149.38}, {""security_id"": ""MSFT"", ""quantity"": 100.0, ""price"": 300.26}]"
2025-05-30,FUND1,1148089.71,1073511.73,"[{""security_id"": ""AAPL"", ""quantity"": 100.0, ""price"": 193.62}, {""security_id"": ""AMZN"", ""quantity"": 100.0, ""price"": 100.16}, {""security_id"": ""GOOGL"", ""quantity"": 100.0, ""price"": 144.7}, {""security_id"": ""MSFT"", ""quantity"": 100.0, ""price"": 300.33}]"
2025-06-02,FUND1,1158697.96,1083511.73,"[{""security_id"": ""AAPL"", ""quantity"": 100.0, ""price"": 198.36}, {""security_id"": ""AMZN"", ""quantity"": 100.0, ""price"": 99.56}, {""security_id"": ""GOOGL"", ""quantity"": 100.0, ""price"": 142.66}, {""security_id"": ""MSFT"", ""quantity"": 100.0, ""price"": 302.62}]"
2025-06-03,FUND1,1158550.31,1083511.73,"[{""security_id"": ""AAPL"", ""quantity"": 100.0, ""price"": 201.49}, {""security_id"": ""AMZN"", ""quantity"": 100.0, ""price"": 100.03}, {""security_id"": ""GOOGL"", ""quantity"": 100.0, ""price"": 144.12}, {""security_id"": ""MSFT"", ""quantity"": 100.0, ""price"": 311.63}]"
2025-06-04,FUND1,1160514.77,1083511.73,"[{""security_id"": ""AAPL"", ""quantity"": 100.0, ""price"": 204.62}, {""security_id"": ""AMZN"", ""quantity"": 100.0, ""price"": 101.59}, {""security_id"": ""GOOGL"", ""quantity"": 100.0, ""price"": 145.18}, {""security_id"": ""MSFT"", ""quantity"": 100.0, ""price"": 312.44}]"
2025-06-05,FUND1,1159093.67,1083511.73,"[{""security_id"": ""AAPL"", ""quantity"": 100.0, ""price"": 206.72}, {""security_id"": ""AMZN"", ""quantity"": 100.0, ""price"": 102.2}, {""security_id"": ""GOOGL"", ""quantity"": 100.0, ""price"": 141.18}, {""security_id"": ""MSFT"", ""quantity"": 100.0, ""price"": 306.93}]"
2025-06-06,FUND1,1160534.01,1083511.73,"[{""security_id"": ""AAPL"", ""quantity"": 100.0, ""price"": 215.62}, {""security_id"": ""AMZN"", ""quantity"": 100.0, ""price"": 104.57}, {""security_id"": ""GOOGL"", ""quantity"": 100.0, ""price"": 139.39}, {""security_id"": ""MSFT"", ""quantity"": 100.0, ""price"": 306.4}]"
2025-06-09,FUND1,1160042.23,1083511.73,"[{""security_id"": ""AAPL"", ""quantity"": 100.0, ""price"": 214.88}, {""security_id"": ""AMZN"", ""quantity"": 100.0, ""price"": 104.42}, {""security_id"": ""GOOGL"", ""quantity"": 100.0, ""price"": 137.97}, {""security_id"": ""MSFT"", ""quantity"": 100.0, ""price"": 306.29}]"
2025-06-10,FUND1,1157931.86,1083511.73,"[{""security_id"": ""AAPL"", ""quantity"": 100.0, ""price"": 207.32}, {""security_id"": ""AMZN"", ""quantity"": 100.0, ""price"": 103.82}, {""security_id"": ""GOOGL"", ""quantity"": 100.0, ""price"": 137.1}, {""security_id"": ""MSFT"", ""quantity"": 100.0, ""price"": 298.93}]"
2025-06-11,FUND1,1158372.68,1083511.73,"[{""security_id"": ""AAPL"", ""quantity"": 100.0, ""price"": 213.45}, {""security_id"": ""AMZN"", ""quantity"": 100.0, ""price"": 109.03}, {""security_id"": ""GOOGL"", ""quantity"": 100.0, ""price"": 133.78}, {""security_id"": ""MSFT"", ""quantity"": 100.0, ""price"": 297.63}]"
2025-06-12,FUND1,1157714.18,1083511.73,"[{""security_id"": ""AAPL"", ""quantity"": 100.0, ""price"": 211.75}, {""security_id"": ""AMZN"", ""quantity"": 100.0, ""price"": 109.83}, {""security_id"": ""GOOGL"", ""quantity"": 100.0, ""price"": 132.31}, {""security_id"": ""MSFT"", ""quantity"": 100.0, ""price"": 293.75}]"
2025-06-13,FUND1,1157927.77,1083511.73,"[{""security_id"": ""AAPL"", ""quantity"": 100.0, ""price"": 212.21}, {""security_id"": ""AMZN"", ""quantity"": 100.0, ""price"": 108.44}, {""security_id"": ""GOOGL"", ""quantity"": 100.0, ""price"": 130.62}, {""security_id"": ""MSFT"", ""quantity"": 100.0, ""price"": 298.76}]"
2025-06-16,FUND1,1159510.73,1083511.73,"[{""security_id"": ""AAPL"", ""quantity"": 200.0, ""price"": 108.665}, {""security_id"": ""AMZN"", ""quantity"": 100.0, ""price"": 107.12}, {""security_id"": ""GOOGL"", ""quantity"": 100.0, ""price"": 132.48}, {""security_id"": ""MSFT"", ""quantity"": 100.0, ""price"": 299.02}]"
2025-06-17,FUND1,1179356.71,1083511.73,"[{""security_id"": ""AAPL"", ""quantity"": 200.0, ""price"": 211.2}, {""security_id"": ""AMZN"", ""quantity"": 100.0, ""price"": 105.35}, {""security_id"": ""GOOGL"", ""quantity"": 100.0, ""price"": 134.45}, {""security_id"": ""MSFT"", ""quantity"": 100.0, ""price"": 297.57}]"
2025-06-18,FUND1,1178273.7,1083511.73,"[{""security_id"": ""AAPL"", ""quantity"": 200.0, ""price"": 206.55}, {""security_id"": ""AMZN"", ""quantity"": 100.0, ""price"": 107.17}, {""security_id"": ""GOOGL"", ""quantity"": 100.0, ""price"": 134.13}, {""security_id"": ""MSFT"", ""quantity"": 100.0, ""price"": 297.08}]"
2025-06-19,FUND1,1177973.7,1083511.73,"[{""security_id"": ""AAPL"", ""quantity"": 200.0, ""price"": 200.73}, {""security_id"": ""AMZN"", ""quantity"": 100.0, ""price"": 106.49}, {""security_id"": ""GOOGL"", ""quantity"": 100.0, ""price"": 133.22}, {""security_id"": ""MSFT"", ""quantity"": 100.0, ""price"": 298.35}]"
2025-06-20,FUND1,1177809.17,1083511.73,"[{""security_id"": ""AAPL"", ""quantity"": 200.0, ""price"": 197.93}, {""security_id"": ""AMZN"", ""quantity"": 100.0, ""price"": 106.76}, {""security_id"": ""GOOGL"", ""quantity"": 100.0, ""price"": 133.59}, {""security_id"": ""MSFT"", ""quantity"": 100.0, ""price"": 301.76}]"
2025-06-23,FUND1,1177123.92,1083511.73,"[{""security_id"": ""AAPL"", ""quantity"": 200.0, ""price"": 199.55}, {""security_id"": ""AMZN"", ""quantity"": 100.0, ""price"": 106.67}, {""security_id"": ""GOOGL"", ""quantity"": 100.0, ""price"": 131.68}, {""security_id"": ""MSFT"", ""quantity"": 100.0, ""price"": 296.45}]"
2025-06-24,FUND1,1177593.11,1083511.73,"[{""security_id"": ""AAPL"", ""quantity"": 200.0, ""price"": 201.5}, {""security_id"": ""AMZN"", ""quantity"": 100.0, ""price"": 108.11}, {""security_id"": ""GOOGL"", ""quantity"": 100.0, ""price"": 129.02}, {""security_id"": ""MSFT"", ""quantity"": 100.0, ""price"": 291.01}]"
2025-06-25,FUND1,1176986.33,1083511.73,"[{""security_id"": ""AAPL"", ""quantity"": 200.0, ""price"": 202.55}, {""security_id"": ""AMZN"", ""quantity"": 100.0, ""price"": 106.5}, {""security_id"": ""GOOGL"", ""quantity"": 100.0, ""price"": 126.89}, {""security_id"": ""MSFT"", ""quantity"": 100.0, ""price"": 296.93}]"
2025-06-26,FUND1,1176272.92,1083511.73,"[{""security_id"": ""AAPL"", ""quantity"": 200.0, ""price"": 197.52}, {""security_id"": ""AMZN"", ""quantity"": 100.0, ""price"": 104.48}, {""security_id"": ""GOOGL"", ""quantity"": 100.0, ""price"": 125.48}, {""security_id"": ""MSFT"", ""quantity"": 100.0, ""price"": 294.81}]"
2025-06-27,FUND1,1172296.71,1083511.73,"[{""security_id"": ""AAPL"", ""quantity"": 200.0, ""price"": 189.52}, {""security_id"": ""AMZN"", ""quantity"": 100.0, ""price"": 104.93}, {""security_id"": ""GOOGL"", ""quantity"": 100.0, ""price"": 122.91}, {""security_id"": ""MSFT"", ""quantity"": 100.0, ""price"": 287.46}]"
2025-06-30,FUND1,1174883.68,1084410.47,"[{""security_id"": ""AAPL"", ""quantity"": 200.0, ""price"": 189.75}, {""security_id"": ""AMZN"", ""quantity"": 100.0, ""price"": 106.1}, {""security_id"": ""GOOGL"", ""quantity"": 100.0, ""price"": 123.3}, {""security_id"": ""MSFT"", ""quantity"": 100.0, ""price"": 289.84}]"
2025-07-01,FUND1,1185530.18,1094410.47,"[{""security_id"": ""AAPL"", ""quantity"": 200.0, ""price"": 188.19}, {""security_id"": ""AMZN"", ""quantity"": 100.0, ""price"": 106.76}, {""security_id"": ""GOOGL"", ""quantity"": 100.0, ""price"": 124.96}, {""security_id"": ""MSFT"", ""quantity"": 100.0, ""price"": 292.34}]"
2025-07-02,FUND1,1184294.78,1094410.47,"[{""security_id"": ""AAPL"", ""quantity"": 200.0, ""price"": 189.8}, {""security_id"": ""AMZN"", ""quantity"": 100.0, ""price"": 105.25}, {""security_id"": ""GOOGL"", ""quantity"": 100.0, ""price"": 121.47}, {""security_id"": ""MSFT"", ""quantity"": 100.0, ""price"": 284.46}]"
2025-07-03,FUND1,1184545.36,1094410.47,"[{""security_id"": ""AAPL"", ""quantity"": 200.0, ""price"": 192.26}, {""security_id"": ""AMZN"", ""quantity"": 100.0, ""price"": 106.56}, {""security_id"": ""GOOGL"", ""quantity"": 100.0, ""price"": 121.55}, {""security_id"": ""MSFT"", ""quantity"": 100.0, ""price"": 285.71}]"
2025-07-04,FUND1,1184944.68,1094410.47,"[{""security_id"": ""AAPL"", ""quantity"": 200.0, ""price"": 192.79}, {""security_id"": ""AMZN"", ""quantity"": 100.0, ""price"": 105.17}, {""security_id"": ""GOOGL"", ""quantity"": 100.0, ""price"": 121.1}, {""security_id"": ""MSFT"", ""quantity"": 100.0, ""price"": 289.59}]"
2025-07-07,FUND1,1185154.12,1094410.47,"[{""security_id"": ""AAPL"", ""quantity"": 200.0, ""price"": 195.5}, {""security_id"": ""AMZN"", ""quantity"": 100.0, ""price"": 104.22}, {""security_id"": ""GOOGL"", ""quantity"": 100.0, ""price"": 121.88}, {""security_id"": ""MSFT"", ""quantity"": 100.0, ""price"": 291.62}]"
2025-07-08,FUND1,1186110.91,1094410.47,"[{""security_id"": ""AAPL"", ""quantity"": 200.0, ""price"": 196.35}, {""security_id"": ""AMZN"", ""quantity"": 100.0, ""price"": 102.49}, {""security_id"": ""GOOGL"", ""quantity"": 100.0, ""price"": 121.88}, {""security_id"": ""MSFT"", ""quantity"": 100.0, ""price"": 295.03}]"
2025-07-09,FUND1,1185876.22,1094410.47,"[{""security_id"": ""AAPL"", ""quantity"": 200.0, ""price"": 198.29}, {""security_id"": ""AMZN"", ""quantity"": 100.0, ""price"": 104.94}, {""security_id"": ""GOOGL"", ""quantity"": 100.0, ""price"": 118.77}, {""security_id"": ""MSFT"", ""quantity"": 100.0, ""price"": 287.74}]"
2025-07-10,FUND1,1185855.96,1094410.47,"[{""security_id"": ""AAPL"", ""quantity"": 200.0, ""price"": 195.84}, {""security_id"": ""AMZN"", ""quantity"": 100.0, ""price"": 106.17}, {""security_id"": ""GOOGL"", ""quantity"": 100.0, ""price"": 116.13}, {""security_id"": ""MSFT"", ""quantity"": 100.0, ""price"": 289.53}]"
2025-07-11,FUND1,1184757.1,1094410.47,"[{""security_id"": ""AAPL"", ""quantity"": 200.0, ""price"": 195.25}, {""security_id"": ""AMZN"", ""quantity"": 100.0, ""price"": 107.36}, {""security_id"": ""GOOGL"", ""quantity"": 100.0, ""price"": 116.22}, {""security_id"": ""MSFT"", ""quantity"": 100.0, ""price"": 288.03}]"
2025-07-14,FUND1,1184311.52,1094410.47,"[{""security_id"": ""AAPL"", ""quantity"": 200.0, ""price"": 195.99}, {""security_id"": ""AMZN"", ""quantity"": 100.0, ""price"": 109.82}, {""security_id"": ""GOOGL"", ""quantity"": 100.0, ""price"": 118.42}, {""security_id"": ""MSFT"", ""quantity"": 100.0, ""price"": 285.61}]"
2025-07-15,FUND1,1186492.34,1094410.47,"[{""security_id"": ""AAPL"", ""quantity"": 200.0, ""price"": 198.96}, {""security_id"": ""AMZN"", ""quantity"": 100.0, ""price"": 115.56}, {""security_id"": ""GOOGL"", ""quantity"": 100.0, ""price"": 113.82}, {""security_id"": ""MSFT"", ""quantity"": 100.0, ""price"": 290.2}]"
2025-07-16,FUND1,1185831.11,1094410.47,"[{""security_id"": ""AAPL"", ""quantity"": 200.0, ""price"": 197.6}, {""security_id"": ""AMZN"", ""quantity"": 100.0, ""price"": 112.08}, {""security_id"": ""GOOGL"", ""quantity"": 100.0, ""price"": 114.56}, {""security_id"": ""MSFT"", ""quantity"": 100.0, ""price"": 298.1}]"
2025-07-17,FUND1,1187545.23,1094410.47,"[{""security_id"": ""AAPL"", ""quantity"": 200.0, ""price"": 199.52}, {""security_id"": ""AMZN"", ""quantity"": 100.0, ""price"": 110.63}, {""security_id"": ""GOOGL"", ""quantity"": 100.0, ""price"": 117.07}, {""security_id"": ""MSFT"", ""quantity"": 100.0, ""price"": 307.96}]"
2025-07-18,FUND1,1188120.81,1094410.47,"[{""security_id"": ""AAPL"", ""quantity"": 200.0, ""price"": 198.61}, {""security_id"": ""AMZN"", ""quantity"": 100.0, ""price"": 109.44}, {""security_id"": ""GOOGL"", ""quantity"": 100.0, ""price"": 116.78}, {""security_id"": ""MSFT"", ""quantity"": 100.0, ""price"": 315.42}]"
2025-07-21,FUND1,1188711.63,1094410.47,"[{""security_id"": ""AAPL"", ""quantity"": 200.0, ""price"": 198.24}, {""security_id"": ""AMZN"", ""quantity"": 100.0, ""price"": 107.8}, {""security_id"": ""GOOGL"", ""quantity"": 100.0, ""price"": 117.97}, {""security_id"": ""MSFT"", ""quantity"": 100.0, ""price"": 314.87}]"
2025-07-22,FUND1,1188138.0,1094410.47,"[{""security_id"": ""AAPL"", ""quantity"": 200.0, ""price"": 201.28}, {""security_id"": ""AMZN"", ""quantity"": 100.0, ""price"": 105.76}, {""security_id"": ""GOOGL"", ""quantity"": 100.0, ""price"": 116.51}, {""security_id"": ""MSFT"", ""quantity"": 100.0, ""price"": 316.96}]"
2025-07-23,FUND1,1187067.21,1094410.47,"[{""security_id"": ""AAPL"", ""quantity"": 200.0, ""price"": 194.23}, {""security_id"": ""AMZN"", ""quantity"": 100.0, ""price"": 105.22}, {""security_id"": ""GOOGL"", ""quantity"": 100.0, ""price"": 116.29}, {""security_id"": ""MSFT"", ""quantity"": 100.0, ""price"": 321.45}]"
2025-07-24,FUND1,1185473.67,1094410.47,"[{""security_id"": ""AAPL"", ""quantity"": 200.0, ""price"": 189.8}, {""security_id"": ""AMZN"", ""quantity"": 100.0, ""price"": 102.96}, {""security_id"": ""GOOGL"", ""quantity"": 100.0, ""price"": 112.98}, {""security_id"": ""MSFT"", ""quantity"": 100.0, ""price"": 322.23}]"
2025-07-25,FUND1,1185739.07,1094410.47,"[{""security_id"": ""AAPL"", ""quantity"": 200.0, ""price"": 184.85}, {""security_id"": ""AMZN"", ""quantity"": 100.0, ""price"": 103.61}, {""security_id"": ""GOOGL"", ""quantity"": 100.0, ""price"": 108.33}, {""security_id"": ""MSFT"", ""quantity"": 100.0, ""price"": 323.07}]"
2025-07-28,FUND1,1184578.03,1094410.47,"[{""security_id"": ""AAPL"", ""quantity"": 200.0, ""price"": 177.29}, {""security_id"": ""AMZN"", ""quantity"": 100.0, ""price"": 103.73}, {""security_id"": ""GOOGL"", ""quantity"": 100.0, ""price"": 110.22}, {""security_id"": ""MSFT"", ""quantity"": 100.0, ""price"": 327.98}]"
2025-07-29,FUND1,1182793.11,1094410.47,"[{""security_id"": ""AAPL"", ""quantity"": 200.0, ""price"": 175.18}, {""security_id"": ""AMZN"", ""quantity"": 100.0, ""price"": 104.66}, {""security_id"": ""GOOGL"", ""quantity"": 100.0, ""price"": 108.31}, {""security_id"": ""MSFT"", ""quantity"": 100.0, ""price"": 327.71}]"
2025-07-30,FUND1,1182849.98,1094410.47,"[{""security_id"": ""AAPL"", ""quantity"": 200.0, ""price"": 177.61}, {""security_id"": ""AMZN"", ""quantity"": 100.0, ""price"": 105.65}, {""security_id"": ""GOOGL"", ""quantity"": 100.0, ""price"": 107.45}, {""security_id"": ""MSFT"", ""quantity"": 100.0, ""price"": 323.51}]"
2025-07-31,FUND1,1183304.47,1094410.47,"[{""security_id"": ""AAPL"", ""quantity"": 200.0, ""price"": 176.74}, {""security_id"": ""AMZN"", ""quantity"": 100.0, ""price"": 106.83}, {""security_id"": ""GOOGL"", ""quantity"": 100.0, ""price"": 104.83}, {""security_id"": ""MSFT"", ""quantity"": 100.0, ""price"": 321.19}]"
2025-08-01,FUND1,1192963.53,1104410.47,"[{""security_id"": ""AAPL"", ""quantity"": 200.0, ""price"": 177.42}, {""security_id"": ""AMZN"", ""quantity"": 100.0, ""price"": 106.14}, {""security_id"": ""GOOGL"", ""quantity"": 100.0, ""price"": 102.23}, {""security_id"": ""MSFT"", ""quantity"": 100.0, ""price"": 324.96}]"
2025-08-04,FUND1,1194669.62,1104410.47,"[{""security_id"": ""AAPL"", ""quantity"": 200.0, ""price"": 180.97}, {""security_id"": ""AMZN"", ""quantity"": 100.0, ""price"": 110.3}, {""security_id"": ""GOOGL"", ""quantity"": 100.0, ""price"": 101.93}, {""security_id"": ""MSFT"", ""quantity"": 100.0, ""price"": 325.06}]"
2025-08-05,FUND1,1195371.67,1104410.47,"[{""security_id"": ""AAPL"", ""quantity"": 200.0, ""price"": 185.4}, {""security_id"": ""AMZN"", ""quantity"": 100.0, ""price"": 110.79}, {""security_id"": ""GOOGL"", ""quantity"": 100.0, ""price"": 100.63}, {""security_id"": ""MSFT"", ""quantity"": 100.0, ""price"": 327.13}]"
2025-08-06,FUND1,1196383.52,1104410.47,"[{""security_id"": ""AAPL"", ""quantity"": 200.0, ""price"": 185.21}, {""security_id"": ""AMZN"", ""quantity"": 100.0, ""price"": 107.17}, {""security_id"": ""GOOGL"", ""quantity"": 100.0, ""price"": 101.34}, {""security_id"": ""MSFT"", ""quantity"": 100.0, ""price"": 331.19}]"
2025-08-07,FUND1,1195772.65,1104410.47,"[{""security_id"": ""AAPL"", ""quantity"": 200.0, ""price"": 189.83}, {""security_id"": ""AMZN"", ""quantity"": 100.0, ""price"": 105.28}, {""security_id"": ""GOOGL"", ""quantity"": 100.0, ""price"": 102.19}, {""security_id"": ""MSFT"", ""quantity"": 100.0, ""price"": 329.04}]"
2025-08-08,FUND1,1196792.7,1104410.47,"[{""security_id"": ""AAPL"", ""quantity"": 200.0, ""price"": 190.19}, {""security_id"": ""AMZN"", ""quantity"": 100.0, ""price"": 102.05}, {""security_id"": ""GOOGL"", ""quantity"": 100.0, ""price"": 102.81}, {""security_id"": ""MSFT"", ""quantity"": 100.0, ""price"": 333.64}]"
2025-08-11,FUND1,1195325.27,1104410.47,"[{""security_id"": ""AAPL"", ""quantity"": 200.0, ""price"": 187.39}, {""security_id"": ""AMZN"", ""quantity"": 100.0, ""price"": 102.11}, {""security_id"": ""GOOGL"", ""quantity"": 100.0, ""price"": 103.28}, {""security_id"": ""MSFT"", ""quantity"": 100.0, ""price"": 336.0}]"
2025-08-12,FUND1,1196210.61,1104410.47,"[{""security_id"": ""AAPL"", ""quantity"": 200.0, ""price"": 185.44}, {""security_id"": ""AMZN"", ""quantity"": 100.0, ""price"": 101.91}, {""security_id"": ""GOOGL"", ""quantity"": 100.0, ""price"": 106.28}, {""security_id"": ""MSFT"", ""quantity"": 100.0, ""price"": 328.7}]"
2025-08-13,FUND1,1195881.94,1104410.47,"[{""security_id"": ""AAPL"", ""quantity"": 200.0, ""price"": 180.61}, {""security_id"": ""AMZN"", ""quantity"": 100.0, ""price"": 101.08}, {""security_id"": ""GOOGL"", ""quantity"": 100.0, ""price"": 104.28}, {""security_id"": ""MSFT"", ""quantity"": 100.0, ""price"": 337.43}]"
2025-08-14,FUND1,1194929.67,1104410.47,"[{""security_id"": ""AAPL"", ""quantity"": 200.0, ""price"": 177.79}, {""security_id"": ""AMZN"", ""quantity"": 100.0, ""price"": 104.84}, {""security_id"": ""GOOGL"", ""quantity"": 100.0, ""price"": 104.21}, {""security_id"": ""MSFT"", ""quantity"": 100.0, ""price"": 334.48}]"
2025-08-15,FUND1,1193538.32,1104410.47,"[{""security_id"": ""AAPL"", ""quantity"": 200.0, ""price"": 176.7}, {""security_id"": ""AMZN"", ""quantity"": 100.0, ""price"": 105.9}, {""security_id"": ""GOOGL"", ""quantity"": 100.0, ""price"": 106.38}, {""security_id"": ""MSFT"", ""quantity"": 100.0, ""price"": 324.75}]"
2025-08-18,FUND1,1193384.87,1104410.47,"[{""security_id"": ""AAPL"", ""quantity"": 200.0, ""price"": 179.31}, {""security_id"": ""AMZN"", ""quantity"": 100.0, ""price"": 107.32}, {""security_id"": ""GOOGL"", ""quantity"": 100.0, ""price"": 108.86}, {""security_id"": ""MSFT"", ""quantity"": 100.0, ""price"": 318.78}]"
2025-08-19,FUND1,1194633.81,1104410.47,"[{""security_id"": ""AAPL"", ""quantity"": 200.0, ""price"": 185.0}, {""security_id"": ""AMZN"", ""quantity"": 100.0, ""price"": 105.57}, {""security_id"": ""GOOGL"", ""quantity"": 100.0, ""price"": 106.13}, {""security_id"": ""MSFT"", ""quantity"": 100.0, ""price"": 313.05}]"
2025-08-20,FUND1,1193381.89,1104410.47,"[{""security_id"": ""AAPL"", ""quantity"": 200.0, ""price"": 180.5}, {""security_id"": ""AMZN"", ""quantity"": 100.0, ""price"": 103.71}, {""security_id"": ""GOOGL"", ""quantity"": 100.0, ""price"": 105.56}, {""security_id"": ""MSFT"", ""quantity"": 100.0, ""price"": 313.42}]"
2025-08-21,FUND1,1192792.88,1104410.47,"[{""security_id"": ""AAPL"", ""quantity"": 200.0, ""price"": 181.83}, {""security_id"": ""AMZN"", ""quantity"": 100.0, ""price"": 103.8}, {""security_id"": ""GOOGL"", ""quantity"": 100.0, ""price"": 108.2}, {""security_id"": ""MSFT"", ""quantity"": 100.0, ""price"": 311.96}]"
2025-08-22,FUND1,1192520.67,1104410.47,"[{""security_id"": ""AAPL"", ""quantity"": 200.0, ""price"": 178.5}, {""security_id"": ""AMZN"", ""quantity"": 100.0, ""price"": 104.15}, {""security_id"": ""GOOGL"", ""quantity"": 100.0, ""price"": 109.22}, {""security_id"": ""MSFT"", ""quantity"": 100.0, ""price"": 310.15}]"
2025-08-25,FUND1,1192915.75,1104410.47,"[{""security_id"": ""AAPL"", ""quantity"": 200.0, ""price"": 180.07}, {""security_id"": ""AMZN"", ""quantity"": 100.0, ""price"": 100.76}, {""security_id"": ""GOOGL"", ""quantity"": 100.0, ""price"": 109.64}, {""security_id"": ""MSFT"", ""quantity"": 100.0, ""price"": 313.71}]"
2025-08-26,FUND1,1193665.83,1104410.47,"[{""security_id"": ""AAPL"", ""quantity"": 200.0, ""price"": 179.7}, {""security_id"": ""AMZN"", ""quantity"": 100.0, ""price"": 100.46}, {""security_id"": ""GOOGL"", ""quantity"": 100.0, ""price"": 109.24}, {""security_id"": ""MSFT"", ""quantity"": 100.0, ""price"": 315.71}]"
2025-08-27,FUND1,1192355.39,1104410.47,"[{""security_id"": ""AAPL"", ""quantity"": 200.0, ""price"": 173.91}, {""security_id"": ""AMZN"", ""quantity"": 100.0, ""price"": 100.51}, {""security_id"": ""GOOGL"", ""quantity"": 100.0, ""price"": 108.51}, {""security_id"": ""MSFT"", ""quantity"": 100.0, ""price"": 317.59}]"
2025-08-28,FUND1,1193139.01,1104410.47,"[{""security_id"": ""AAPL"", ""quantity"": 200.0, ""price"": 176.89}, {""security_id"": ""AMZN"", ""quantity"": 100.0, ""price"": 100.14}, {""security_id"": ""GOOGL"", ""quantity"": 100.0, ""price"": 109.1}, {""security_id"": ""MSFT"", ""quantity"": 100.0, ""price"": 320.02}]"
2025-08-29,FUND1,1192952.67,1104410.47,"[{""security_id"": ""AAPL"", ""quantity"": 200.0, ""price"": 175.02}, {""security_id"": ""AMZN"", ""quantity"": 100.0, ""price"": 98.71}, {""security_id"": ""GOOGL"", ""quantity"": 100.0, ""price"": 108.63}, {""security_id"": ""MSFT"", ""quantity"": 100.0, ""price"": 323.67}]"
2025-09-01,FUND1,1200606.05,1114410.47,"[{""security_id"": ""AAPL"", ""quantity"": 200.0, ""price"": 173.39}, {""security_id"": ""AMZN"", ""quantity"": 100.0, ""price"": 97.78}, {""security_id"": ""GOOGL"", ""quantity"": 100.0, ""price"": 108.58}, {""security_id"": ""MSFT"", ""quantity"": 100.0, ""price"": 311.7}]"
2025-09-02,FUND1,1199940.78,1114410.47,"[{""security_id"": ""AAPL"", ""quantity"": 200.0, ""price"": 170.12}, {""security_id"": ""AMZN"", ""quantity"": 100.0, ""price"": 97.5}, {""security_id"": ""GOOGL"", ""quantity"": 100.0, ""price"": 108.76}, {""security_id"": ""MSFT"", ""quantity"": 100.0, ""price"": 309.74}]"
2025-09-03,FUND1,1197629.89,1114410.47,"[{""security_id"": ""AAPL"", ""quantity"": 200.0, ""price"": 168.17}, {""security_id"": ""AMZN"", ""quantity"": 100.0, ""price"": 97.68}, {""security_id"": ""GOOGL"", ""quantity"": 100.0, ""price"": 107.47}, {""security_id"": ""MSFT"", ""quantity"": 100.0, ""price"": 297.89}]"
2025-09-04,FUND1,1199561.6,1114410.47,"[{""security_id"": ""AAPL"", ""quantity"": 200.0, ""price"": 169.51}, {""security_id"": ""AMZN"", ""quantity"": 100.0, ""price"": 98.77}, {""security_id"": ""GOOGL"", ""quantity"": 100.0, ""price"": 108.53}, {""security_id"": ""MSFT"", ""quantity"": 100.0, ""price"": 298.16}]"
2025-09-05,FUND1,1199565.52,1114410.47,"[{""security_id"": ""AAPL"", ""quantity"": 200.0, ""price"": 168.98}, {""security_id"": ""AMZN"", ""quantity"": 100.0, ""price"": 100.74}, {""security_id"": ""GOOGL"", ""quantity"": 100.0, ""price"": 114.4}, {""security_id"": ""MSFT"", ""quantity"": 100.0, ""price"": 298.21}]"
2025-09-08,FUND1,1199949.54,1114410.47,"[{""security_id"": ""AAPL"", ""quantity"": 200.0, ""price"": 170.02}, {""security_id"": ""AMZN"", ""quantity"": 100.0, ""price"": 100.23}, {""security_id"": ""GOOGL"", ""quantity"": 100.0, ""price"": 110.83}, {""security_id"": ""MSFT"", ""quantity"": 100.0, ""price"": 303.95}]"
2025-09-09,FUND1,1200463.82,1114410.47,"[{""security_id"": ""AAPL"", ""quantity"": 200.0, ""price"": 171.18}, {""security_id"": ""AMZN"", ""quantity"": 100.0, ""price"": 99.44}, {""security_id"": ""GOOGL"", ""quantity"": 100.0, ""price"": 111.5}, {""security_id"": ""MSFT"", ""quantity"": 100.0, ""price"": 310.6}]"
2025-09-10,FUND1,1201280.37,1114410.47,"[{""security_id"": ""AAPL"", ""quantity"": 200.0, ""price"": 175.34}, {""security_id"": ""AMZN"", ""quantity"": 100.0, ""price"": 100.25}, {""security_id"": ""GOOGL"", ""quantity"": 100.0, ""price"": 110.02}, {""security_id"": ""MSFT"", ""quantity"": 100.0, ""price"": 311.81}]"
2025-09-11,FUND1,1201759.97,1114410.47,"[{""security_id"": ""AAPL"", ""quantity"": 200.0, ""price"": 174.31}, {""security_id"": ""AMZN"", ""quantity"": 100.0, ""price"": 101.38}, {""security_id"": ""GOOGL"", ""quantity"": 100.0, ""price"": 111.19}, {""security_id"": ""MSFT"", ""quantity"": 100.0, ""price"": 309.09}]"
2025-09-12,FUND1,1200387.25,1114410.47,"[{""security_id"": ""AAPL"", ""quantity"": 200.0, ""price"": 169.78}, {""security_id"": ""AMZN"", ""quantity"": 100.0, ""price"": 100.62}, {""security_id"": ""GOOGL"", ""quantity"": 100.0, ""price"": 111.32}, {""security_id"": ""MSFT"", ""quantity"": 100.0, ""price"": 311.88}]"
2025-09-15,FUND1,1200745.31,1114410.47,"[{""security_id"": ""AAPL"", ""quantity"": 200.0, ""price"": 173.11}, {""security_id"": ""AMZN"", ""quantity"": 100.0, ""price"": 102.09}, {""security_id"": ""GOOGL"", ""quantity"": 100.0, ""price"": 112.88}, {""security_id"": ""MSFT"", ""quantity"": 100.0, ""price"": 309.01}]"
2025-09-16,FUND1,1202334.52,1114410.47,"[{""security_id"": ""AAPL"", ""quantity"": 200.0, ""price"": 172.12}, {""security_id"": ""AMZN"", ""quantity"": 100.0, ""price"": 103.93}, {""security_id"": ""GOOGL"", ""quantity"": 100.0, ""price"": 115.32}, {""security_id"": ""MSFT"", ""quantity"": 100.0, ""price"": 309.08}]"
2025-09-17,FUND1,1203141.28,1114410.47,"[{""security_id"": ""AAPL"", ""quantity"": 200.0, ""price"": 175.66}, {""security_id"": ""AMZN"", ""quantity"": 100.0, ""price"": 106.4}, {""security_id"": ""GOOGL"", ""quantity"": 100.0, ""price"": 115.75}, {""security_id"": ""MSFT"", ""quantity"": 100.0, ""price"": 314.69}]"
2025-09-18,FUND1,1203684.43,1114410.47,"[{""security_id"": ""AAPL"", ""quantity"": 200.0, ""price"": 176.92}, {""security_id"": ""AMZN"", ""quantity"": 100.0, ""price"": 109.89}, {""security_id"": ""GOOGL"", ""quantity"": 100.0, ""price"": 118.16}, {""security_id"": ""MSFT"", ""quantity"": 100.0, ""price"": 311.63}]"
2025-09-19,FUND1,1203516.86,1114410.47,"[{""security_id"": ""AAPL"", ""quantity"": 200.0, ""price"": 176.54}, {""security_id"": ""AMZN"", ""quantity"": 100.0, ""price"": 108.21}, {""security_id"": ""GOOGL"", ""quantity"": 100.0, ""price"": 113.31}, {""security_id"": ""MSFT"", ""quantity"": 100.0, ""price"": 316.26}]"
2025-09-22,FUND1,1205222.34,1114410.47,"[{""security_id"": ""AAPL"", ""quantity"": 200.0, ""price"": 177.7}, {""security_id"": ""AMZN"", ""quantity"": 100.0, ""price"": 108.27}, {""security_id"": ""GOOGL"", ""quantity"": 100.0, ""price"": 116.63}, {""security_id"": ""MSFT"", ""quantity"": 100.0, ""price"": 320.22}]"
2025-09-23,FUND1,1205098.58,1114410.47,"[{""security_id"": ""AAPL"", ""quantity"": 200.0, ""price"": 184.1}, {""security_id"": ""AMZN"", ""quantity"": 100.0, ""price"": 108.32}, {""security_id"": ""GOOGL"", ""quantity"": 100.0, ""price"": 117.45}, {""security_id"": ""MSFT"", ""quantity"": 100.0, ""price"": 314.84}]"
2025-09-24,FUND1,1208135.71,1114410.47,"[{""security_id"": ""AAPL"", ""quantity"": 200.0, ""price"": 191.16}, {""security_id"": ""AMZN"", ""quantity"": 100.0, ""price"": 108.15}, {""security_id"": ""GOOGL"", ""quantity"": 100.0, ""price"": 119.78}, {""security_id"": ""MSFT"", ""quantity"": 100.0, ""price"": 320.49}]"
2025-09-25,FUND1,1208578.49,1114410.47,"[{""security_id"": ""AAPL"", ""quantity"": 200.0, ""price"": 191.45}, {""security_id"": ""AMZN"", ""quantity"": 100.0, ""price"": 106.92}, {""security_id"": ""GOOGL"", ""quantity"": 100.0, ""price"": 117.21}, {""security_id"": ""MSFT"", ""quantity"": 100.0, ""price"": 324.63}]"
2025-09-26,FUND1,1207776.92,1114410.47,"[{""security_id"": ""AAPL"", ""quantity"": 200.0, ""price"": 192.05}, {""security_id"": ""AMZN"", ""quantity"": 100.0, ""price"": 104.13}, {""security_id"": ""GOOGL"", ""quantity"": 100.0, ""price"": 115.5}, {""security_id"": ""MSFT"", ""quantity"": 100.0, ""price"": 325.3}]"
2025-09-29,FUND1,1207712.1,1114410.47,"[{""security_id"": ""AAPL"", ""quantity"": 200.0, ""price"": 195.85}, {""security_id"": ""AMZN"", ""quantity"": 100.0, ""price"": 104.33}, {""security_id"": ""GOOGL"", ""quantity"": 100.0, ""price"": 115.83}, {""security_id"": ""MSFT"", ""quantity"": 100.0, ""price"": 320.95}]"
2025-09-30,FUND1,1208034.73,1115331.19,"[{""security_id"": ""AAPL"", ""quantity"": 200.0, ""price"": 192.94}, {""security_id"": ""AMZN"", ""quantity"": 100.0, ""price"": 102.92}, {""security_id"": ""GOOGL"", ""quantity"": 100.0, ""price"": 115.82}, {""security_id"": ""MSFT"", ""quantity"": 100.0, ""price"": 316.1}]"
2025-10-01,FUND1,1217502.32,1125331.19,"[{""security_id"": ""AAPL"", ""quantity"": 200.0, ""price"": 194.15}, {""security_id"": ""AMZN"", ""quantity"": 100.0, ""price"": 103.11}, {""security_id"": ""GOOGL"", ""quantity"": 100.0, ""price"": 116.44}, {""security_id"": ""MSFT"", ""quantity"": 100.0, ""price"": 313.14}]"
2025-10-02,FUND1,1217813.58,1125331.19,"[{""security_id"": ""AAPL"", ""quantity"": 200.0, ""price"": 194.11}, {""security_id"": ""AMZN"", ""quantity"": 100.0, ""price"": 101.67}, {""security_id"": ""GOOGL"", ""quantity"": 100.0, ""price"": 118.77}, {""security_id"": ""MSFT"", ""quantity"": 100.0, ""price"": 316.29}]"
2025-10-03,FUND1,1217161.58,1125331.19,"[{""security_id"": ""AAPL"", ""quantity"": 200.0, ""price"": 195.26}, {""security_id"": ""AMZN"", ""quantity"": 100.0, ""price"": 99.7}, {""security_id"": ""GOOGL"", ""quantity"": 100.0, ""price"": 115.08}, {""security_id"": ""MSFT"", ""quantity"": 100.0, ""price"": 310.97}]"
2025-10-06,FUND1,1216691.4,1125331.19,"[{""security_id"": ""AAPL"", ""quantity"": 200.0, ""price"": 192.4}, {""security_id"": ""AMZN"", ""quantity"": 100.0, ""price"": 100.15}, {""security_id"": ""GOOGL"", ""quantity"": 100.0, ""price"": 117.15}, {""security_id"": ""MSFT"", ""quantity"": 100.0, ""price"": 313.51}]"
2025-10-07,FUND1,1214549.81,1125331.19,"[{""security_id"": ""AAPL"", ""quantity"": 200.0, ""price"": 187.02}, {""security_id"": ""AMZN"", ""quantity"": 100.0, ""price"": 100.44}, {""security_id"": ""GOOGL"", ""quantity"": 100.0, ""price"": 117.2}, {""security_id"": ""MSFT"", ""quantity"": 100.0, ""price"": 306.66}]"
2025-10-08,FUND1,1213754.96,1125331.19,"[{""security_id"": ""AAPL"", ""quantity"": 200.0, ""price"": 180.21}, {""security_id"": ""AMZN"", ""quantity"": 100.0, ""price"": 101.52}, {""security_id"": ""GOOGL"", ""quantity"": 100.0, ""price"": 116.8}, {""security_id"": ""MSFT"", ""quantity"": 100.0, ""price"": 305.61}]"
2025-10-09,FUND1,1212657.09,1125331.19,"[{""security_id"": ""AAPL"", ""quantity"": 200.0, ""price"": 176.67}, {""security_id"": ""AMZN"", ""quantity"": 100.0, ""price"": 105.62}, {""security_id"": ""GOOGL"", ""quantity"": 100.0, ""price"": 113.77}, {""security_id"": ""MSFT"", ""quantity"": 100.0, ""price"": 306.29}]"
2025-10-10,FUND1,1214480.29,1125331.19,"[{""security_id"": ""AAPL"", ""quantity"": 200.0, ""price"": 175.26}, {""security_id"": ""AMZN"", ""quantity"": 100.0, ""price"": 106.18}, {""security_id"": ""GOOGL"", ""quantity"": 100.0, ""price"": 114.84}, {""security_id"": ""MSFT"", ""quantity"": 100.0, ""price"": 320.15}]"
2025-10-13,FUND1,1213422.87,1125331.19,"[{""security_id"": ""AAPL"", ""quantity"": 200.0, ""price"": 174.38}, {""security_id"": ""AMZN"", ""quantity"": 100.0, ""price"": 107.14}, {""security_id"": ""GOOGL"", ""quantity"": 100.0, ""price"": 109.98}, {""security_id"": ""MSFT"", ""quantity"": 100.0, ""price"": 312.39}]"
2025-10-14,FUND1,1216170.88,1125331.19,"[{""security_id"": ""AAPL"", ""quantity"": 200.0, ""price"": 180.61}, {""security_id"": ""AMZN"", ""quantity"": 100.0, ""price"": 105.1}, {""security_id"": ""GOOGL"", ""quantity"": 100.0, ""price"": 111.3}, {""security_id"": ""MSFT"", ""quantity"": 100.0, ""price"": 320.86}]"
2025-10-15,FUND1,1214731.29,1125331.19,"[{""security_id"": ""AAPL"", ""quantity"": 200.0, ""price"": 184.29}, {""security_id"": ""AMZN"", ""quantity"": 100.0, ""price"": 102.72}, {""security_id"": ""GOOGL"", ""quantity"": 100.0, ""price"": 108.38}, {""security_id"": ""MSFT"", ""quantity"": 100.0, ""price"": 321.8}]"
2025-10-16,FUND1,1215806.57,1125331.19,"[{""security_id"": ""AAPL"", ""quantity"": 200.0, ""price"": 181.17}, {""security_id"": ""AMZN"", ""quantity"": 100.0, ""price"": 105.72}, {""security_id"": ""GOOGL"", ""quantity"": 100.0, ""price"": 108.51}, {""security_id"": ""MSFT"", ""quantity"": 100.0, ""price"": 324.28}]"
2025-10-17,FUND1,1215610.14,1125331.19,"[{""security_id"": ""AAPL"", ""quantity"": 200.0, ""price"": 182.36}, {""security_id"": ""AMZN"", ""quantity"": 100.0, ""price"": 104.0}, {""security_id"": ""GOOGL"", ""quantity"": 100.0, ""price"": 108.3}, {""security_id"": ""MSFT"", ""quantity"": 100.0, ""price"": 325.05}]"
2025-10-20,FUND1,1214812.16,1125331.19,"[{""security_id"": ""AAPL"", ""quantity"": 200.0, ""price"": 181.07}, {""security_id"": ""AMZN"", ""quantity"": 100.0, ""price"": 102.09}, {""security_id"": ""GOOGL"", ""quantity"": 100.0, ""price"": 110.63}, {""security_id"": ""MSFT"", ""quantity"": 100.0, ""price"": 327.74}]"
2025-10-21,FUND1,1214963.29,1125331.19,"[{""security_id"": ""AAPL"", ""quantity"": 200.0, ""price"": 180.19}, {""security_id"": ""AMZN"", ""quantity"": 100.0, ""price"": 102.04}, {""security_id"": ""GOOGL"", ""quantity"": 100.0, ""price"": 110.31}, {""security_id"": ""MSFT"", ""quantity"": 100.0, ""price"": 326.92}]"
2025-10-22,FUND1,1215563.88,1125331.19,"[{""security_id"": ""AAPL"", ""quantity"": 200.0, ""price"": 180.84}, {""security_id"": ""AMZN"", ""quantity"": 100.0, ""price"": 101.9}, {""security_id"": ""GOOGL"", ""quantity"": 100.0, ""price"": 108.96}, {""security_id"": ""MSFT"", ""quantity"": 100.0, ""price"": 335.67}]"
2025-10-23,FUND1,1215646.25,1125331.19,"[{""security_id"": ""AAPL"", ""quantity"": 200.0, ""price"": 182.91}, {""security_id"": ""AMZN"", ""quantity"": 100.0, ""price"": 100.29}, {""security_id"": ""GOOGL"", ""quantity"": 100.0, ""price"": 108.0}, {""security_id"": ""MSFT"", ""quantity"": 100.0, ""price"": 333.01}]"
2025-10-24,FUND1,1216438.43,1125331.19,"[{""security_id"": ""AAPL"", ""quantity"": 200.0, ""price"": 181.84}, {""security_id"": ""AMZN"", ""quantity"": 100.0, ""price"": 99.76}, {""security_id"": ""GOOGL"", ""quantity"": 100.0, ""price"": 110.53}, {""security_id"": ""MSFT"", ""quantity"": 100.0, ""price"": 339.95}]"
2025-10-27,FUND1,1217350.08,1125331.19,"[{""security_id"": ""AAPL"", ""quantity"": 200.0, ""price"": 185.4}, {""security_id"": ""AMZN"", ""quantity"": 100.0, ""price"": 102.02}, {""security_id"": ""GOOGL"", ""quantity"": 100.0, ""price"": 111.63}, {""security_id"": ""MSFT"", ""quantity"": 100.0, ""price"": 336.12}]"
2025-10-28,FUND1,1216607.87,1125331.19,"[{""security_id"": ""AAPL"", ""quantity"": 200.0, ""price"": 181.68}, {""security_id"": ""AMZN"", ""quantity"": 100.0, ""price"": 100.58}, {""security_id"": ""GOOGL"", ""quantity"": 100.0, ""price"": 110.89}, {""security_id"": ""MSFT"", ""quantity"": 100.0, ""price"": 335.83}]"
2025-10-29,FUND1,1214667.76,1125331.19,"[{""security_id"": ""AAPL"", ""quantity"": 200.0, ""price"": 181.74}, {""security_id"": ""AMZN"", ""quantity"": 100.0, ""price"": 98.11}, {""security_id"": ""GOOGL"", ""quantity"": 100.0, ""price"": 110.44}, {""security_id"": ""MSFT"", ""quantity"": 100.0, ""price"": 329.5}]"
2025-10-30,FUND1,1216874.65,1125331.19,"[{""security_id"": ""AAPL"", ""quantity"": 200.0, ""price"": 190.49}, {""security_id"": ""AMZN"", ""quantity"": 100.0, ""price"": 99.81}, {""security_id"": ""GOOGL"", ""quantity"": 100.0, ""price"": 107.4}, {""security_id"": ""MSFT"", ""quantity"": 100.0, ""price"": 332.29}]"
2025-10-31,FUND1,1217958.8,1125331.19,"[{""security_id"": ""AAPL"", ""quantity"": 200.0, ""price"": 191.31}, {""security_id"": ""AMZN"", ""quantity"": 100.0, ""price"": 100.73}, {""security_id"": ""GOOGL"", ""quantity"": 100.0, ""price"": 108.18}, {""security_id"": ""MSFT"", ""quantity"": 100.0, ""price"": 341.13}]"
2025-11-03,FUND1,1229374.41,1135331.19,"[{""security_id"": ""AAPL"", ""quantity"": 200.0, ""price"": 196.35}, {""security_id"": ""AMZN"", ""quantity"": 100.0, ""price"": 99.63}, {""security_id"": ""GOOGL"", ""quantity"": 100.0, ""price"": 104.83}, {""security_id"": ""MSFT"", ""quantity"": 100.0, ""price"": 340.74}]"
2025-11-04,FUND1,1228773.58,1135331.19,"[{""security_id"": ""AAPL"", ""quantity"": 200.0, ""price"": 196.73}, {""security_id"": ""AMZN"", ""quantity"": 100.0, ""price"": 96.86}, {""security_id"": ""GOOGL"", ""quantity"": 100.0, ""price"": 106.29}, {""security_id"": ""MSFT"", ""quantity"": 100.0, ""price"": 339.62}]"
2025-11-05,FUND1,1228860.87,1135331.19,"[{""security_id"": ""AAPL"", ""quantity"": 200.0, ""price"": 198.84}, {""security_id"": ""AMZN"", ""quantity"": 100.0, ""price"": 95.59}, {""security_id"": ""GOOGL"", ""quantity"": 100.0, ""price"": 106.56}, {""security_id"": ""MSFT"", ""quantity"": 100.0, ""price"": 332.96}]"
2025-11-06,FUND1,1228523.68,1135331.19,"[{""security_id"": ""AAPL"", ""quantity"": 200.0, ""price"": 198.69}, {""security_id"": ""AMZN"", ""quantity"": 100.0, ""price"": 95.52}, {""security_id"": ""GOOGL"", ""quantity"": 100.0, ""price"": 111.27}, {""security_id"": ""MSFT"", ""quantity"": 100.0, ""price"": 331.67}]"
2025-11-07,FUND1,1227083.91,1135331.19,"[{""security_id"": ""AAPL"", ""quantity"": 200.0, ""price"": 198.13}, {""security_id"": ""AMZN"", ""quantity"": 100.0, ""price"": 97.57}, {""security_id"": ""GOOGL"", ""quantity"": 100.0, ""price"": 109.11}, {""security_id"": ""MSFT"", ""quantity"": 100.0, ""price"": 322.38}]"
2025-11-10,FUND1,1227630.04,1135331.19,"[{""security_id"": ""AAPL"", ""quantity"": 200.0, ""price"": 195.42}, {""security_id"": ""AMZN"", ""quantity"": 100.0, ""price"": 95.79}, {""security_id"": ""GOOGL"", ""quantity"": 100.0, ""price"": 108.94}, {""security_id"": ""MSFT"", ""quantity"": 100.0, ""price"": 317.2}]"
2025-11-11,FUND1,1226795.39,1135331.19,"[{""security_id"": ""AAPL"", ""quantity"": 200.0, ""price"": 196.99}, {""security_id"": ""AMZN"", ""quantity"": 100.0, ""price"": 95.67}, {""security_id"": ""GOOGL"", ""quantity"": 100.0, ""price"": 112.55}, {""security_id"": ""MSFT"", ""quantity"": 100.0, ""price"": 318.58}]"
2025-11-12,FUND1,1227382.5,1135331.19,"[{""security_id"": ""AAPL"", ""quantity"": 200.0, ""price"": 194.04}, {""security_id"": ""AMZN"", ""quantity"": 100.0, ""price"": 96.87}, {""security_id"": ""GOOGL"", ""quantity"": 100.0, ""price"": 115.02}, {""security_id"": ""MSFT"", ""quantity"": 100.0, ""price"": 326.32}]"
2025-11-13,FUND1,1229054.26,1135331.19,"[{""security_id"": ""AAPL"", ""quantity"": 200.0, ""price"": 196.43}, {""security_id"": ""AMZN"", ""quantity"": 100.0, ""price"": 92.83}, {""security_id"": ""GOOGL"", ""quantity"": 100.0, ""price"": 113.61}, {""security_id"": ""MSFT"", ""quantity"": 100.0, ""price"": 343.33}]"
2025-11-14,FUND1,1231354.18,1135331.19,"[{""security_id"": ""AAPL"", ""quantity"": 200.0, ""price"": 200.35}, {""security_id"": ""AMZN"", ""quantity"": 100.0, ""price"": 94.59}, {""security_id"": ""GOOGL"", ""quantity"": 100.0, ""price"": 114.1}, {""security_id"": ""MSFT"", ""quantity"": 100.0, ""price"": 339.81}]"
2025-11-17,FUND1,1231619.53,1135331.19,"[{""security_id"": ""AAPL"", ""quantity"": 200.0, ""price"": 201.73}, {""security_id"": ""AMZN"", ""quantity"": 100.0, ""price"": 92.62}, {""security_id"": ""GOOGL"", ""quantity"": 100.0, ""price"": 114.14}, {""security_id"": ""MSFT"", ""quantity"": 100.0, ""price"": 348.79}]"
2025-11-18,FUND1,1231687.02,1135331.19,"[{""security_id"": ""AAPL"", ""quantity"": 200.0, ""price"": 200.74}, {""security_id"": ""AMZN"", ""quantity"": 100.0, ""price"": 93.2}, {""security_id"": ""GOOGL"", ""quantity"": 100.0, ""price"": 114.74}, {""security_id"": ""MSFT"", ""quantity"": 100.0, ""price"": 350.41}]"
2025-11-19,FUND1,1232585.8,1135331.19,"[{""security_id"": ""AAPL"", ""quantity"": 200.0, ""price"": 202.44}, {""security_id"": ""AMZN"", ""quantity"": 100.0, ""price"": 93.64}, {""security_id"": ""GOOGL"", ""quantity"": 100.0, ""price"": 113.34}, {""security_id"": ""MSFT"", ""quantity"": 100.0, ""price"": 349.54}]"
2025-11-20,FUND1,1231054.53,1135331.19,"[{""security_id"": ""AAPL"", ""quantity"": 200.0, ""price"": 201.37}, {""security_id"": ""AMZN"", ""quantity"": 100.0, ""price"": 95.51}, {""security_id"": ""GOOGL"", ""quantity"": 100.0, ""price"": 113.18}, {""security_id"": ""MSFT"", ""quantity"": 100.0, ""price"": 352.36}]"
2025-11-21,FUND1,1233324.35,1135331.19,"[{""security_id"": ""AAPL"", ""quantity"": 200.0, ""price"": 204.84}, {""security_id"": ""AMZN"", ""quantity"": 100.0, ""price"": 96.49}, {""security_id"": ""GOOGL"", ""quantity"": 100.0, ""price"": 110.0}, {""security_id"": ""MSFT"", ""quantity"": 100.0, ""price"": 352.85}]"
2025-11-24,FUND1,1230194.84,1135331.19,"[{""security_id"": ""AAPL"", ""quantity"": 200.0, ""price"": 198.25}, {""security_id"": ""AMZN"", ""quantity"": 100.0, ""price"": 92.47}, {""security_id"": ""GOOGL"", ""quantity"": 100.0, ""price"": 110.3}, {""security_id"": ""MSFT"", ""quantity"": 100.0, ""price"": 353.64}]"
2025-11-25,FUND1,1230502.97,1135331.19,"[{""security_id"": ""AAPL"", ""quantity"": 200.0, ""price"": 197.1}, {""security_id"": ""AMZN"", ""quantity"": 100.0, ""price"": 91.19}, {""security_id"": ""GOOGL"", ""quantity"": 100.0, ""price"": 111.22}, {""security_id"": ""MSFT"", ""quantity"": 100.0, ""price"": 351.13}]"
2025-11-26,FUND1,1227844.69,1135331.19,"[{""security_id"": ""AAPL"", ""quantity"": 200.0, ""price"": 190.21}, {""security_id"": ""AMZN"", ""quantity"": 100.0, ""price"": 91.44}, {""security_id"": ""GOOGL"", ""quantity"": 100.0, ""price"": 110.8}, {""security_id"": ""MSFT"", ""quantity"": 100.0, ""price"": 342.49}]"
2025-11-27,FUND1,1225500.13,1135331.19,"[{""security_id"": ""AAPL"", ""quantity"": 200.0, ""price"": 185.21}, {""security_id"": ""AMZN"", ""quantity"": 100.0, ""price"": 91.15}, {""security_id"": ""GOOGL"", ""quantity"": 100.0, ""price"": 107.65}, {""security_id"": ""MSFT"", ""quantity"": 100.0, ""price"": 333.19}]"
2025-11-28,FUND1,1228184.56,1135331.19,"[{""security_id"": ""AAPL"", ""quantity"": 200.0, ""price"": 189.86}, {""security_id"": ""AMZN"", ""quantity"": 100.0, ""price"": 91.96}, {""security_id"": ""GOOGL"", ""quantity"": 100.0, ""price"": 109.61}, {""security_id"": ""MSFT"", ""quantity"": 100.0, ""price"": 337.22}]"
2025-12-01,FUND1,1237320.27,1145331.19,"[{""security_id"": ""AAPL"", ""quantity"": 200.0, ""price"": 192.99}, {""security_id"": ""AMZN"", ""quantity"": 100.0, ""price"": 93.3}, {""security_id"": ""GOOGL"", ""quantity"": 100.0, ""price"": 110.36}, {""security_id"": ""MSFT"", ""quantity"": 100.0, ""price"": 335.63}]"
2025-12-02,FUND1,1238127.0,1145331.19,"[{""security_id"": ""AAPL"", ""quantity"": 200.0, ""price"": 190.56}, {""security_id"": ""AMZN"", ""quantity"": 100.0, ""price"": 94.35}, {""security_id"": ""GOOGL"", ""quantity"": 100.0, ""price"": 108.95}, {""security_id"": ""MSFT"", ""quantity"": 100.0, ""price"": 332.13}]"
2025-12-03,FUND1,1235823.03,1145331.19,"[{""security_id"": ""AAPL"", ""quantity"": 200.0, ""price"": 185.52}, {""security_id"": ""AMZN"", ""quantity"": 100.0, ""price"": 94.01}, {""security_id"": ""GOOGL"", ""quantity"": 100.0, ""price"": 108.43}, {""security_id"": ""MSFT"", ""quantity"": 100.0, ""price"": 332.26}]"
2025-12-04,FUND1,1234331.83,1145331.19,"[{""security_id"": ""AAPL"", ""quantity"": 200.0, ""price"": 175.92}, {""security_id"": ""AMZN"", ""quantity"": 100.0, ""price"": 90.96}, {""security_id"": ""GOOGL"", ""quantity"": 100.0, ""price"": 105.57}, {""security_id"": ""MSFT"", ""quantity"": 100.0, ""price"": 337.13}]"
2025-12-05,FUND1,1234482.59,1145331.19,"[{""security_id"": ""AAPL"", ""quantity"": 200.0, ""price"": 174.25}, {""security_id"": ""AMZN"", ""quantity"": 100.0, ""price"": 90.24}, {""security_id"": ""GOOGL"", ""quantity"": 100.0, ""price"": 103.66}, {""security_id"": ""MSFT"", ""quantity"": 100.0, ""price"": 338.31}]"
2025-12-08,FUND1,1233832.11,1145331.19,"[{""security_id"": ""AAPL"", ""quantity"": 200.0, ""price"": 182.06}, {""security_id"": ""AMZN"", ""quantity"": 100.0, ""price"": 90.94}, {""security_id"": ""GOOGL"", ""quantity"": 100.0, ""price"": 102.69}, {""security_id"": ""MSFT"", ""quantity"": 100.0, ""price"": 334.43}]"
2025-12-09,FUND1,1236648.21,1145331.19,"[{""security_id"": ""AAPL"", ""quantity"": 200.0, ""price"": 183.53}, {""security_id"": ""AMZN"", ""quantity"": 100.0, ""price"": 89.19}, {""security_id"": ""GOOGL"", ""quantity"": 100.0, ""price"": 105.01}, {""security_id"": ""MSFT"", ""quantity"": 100.0, ""price"": 341.98}]"
2025-12-10,FUND1,1236569.24,1145331.19,"[{""security_id"": ""AAPL"", ""quantity"": 200.0, ""price"": 181.74}, {""security_id"": ""AMZN"", ""quantity"": 100.0, ""price"": 90.23}, {""security_id"": ""GOOGL"", ""quantity"": 100.0, ""price"": 103.84}, {""security_id"": ""MSFT"", ""quantity"": 100.0, ""price"": 351.92}]"
2025-12-11,FUND1,1237751.74,1145331.19,"[{""security_id"": ""AAPL"", ""quantity"": 200.0, ""price"": 183.31}, {""security_id"": ""AMZN"", ""quantity"": 100.0, ""price"": 91.74}, {""security_id"": ""GOOGL"", ""quantity"": 100.0, ""price"": 105.07}, {""security_id"": ""MSFT"", ""quantity"": 100.0, ""price"": 355.16}]"
2025-12-12,FUND1,1236208.8,1145331.19,"[{""security_id"": ""AAPL"", ""quantity"": 200.0, ""price"": 178.28}, {""security_id"": ""AMZN"", ""quantity"": 100.0, ""price"": 91.98}, {""security_id"": ""GOOGL"", ""quantity"": 100.0, ""price"": 104.08}, {""security_id"": ""MSFT"", ""quantity"": 100.0, ""price"": 361.53}]"
2025-12-15,FUND1,1237170.17,1145331.19,"[{""security_id"": ""AAPL"", ""quantity"": 200.0, ""price"": 177.37}, {""security_id"": ""AMZN"", ""quantity"": 100.0, ""price"": 87.06}, {""security_id"": ""GOOGL"", ""quantity"": 100.0, ""price"": 104.57}, {""security_id"": ""MSFT"", ""quantity"": 100.0, ""price"": 369.79}]"
2025-12-16,FUND1,1238072.71,1145331.19,"[{""security_id"": ""AAPL"", ""quantity"": 200.0, ""price"": 177.74}, {""security_id"": ""AMZN"", ""quantity"": 100.0, ""price"": 85.11}, {""security_id"": ""GOOGL"", ""quantity"": 100.0, ""price"": 104.33}, {""security_id"": ""MSFT"", ""quantity"": 100.0, ""price"": 377.49}]"
2025-12-17,FUND1,1238487.38,1145331.19,"[{""security_id"": ""AAPL"", ""quantity"": 200.0, ""price"": 177.5}, {""security_id"": ""AMZN"", ""quantity"": 100.0, ""price"": 88.07}, {""security_id"": ""GOOGL"", ""quantity"": 100.0, ""price"": 106.01}, {""security_id"": ""MSFT"", ""quantity"": 100.0, ""price"": 381.78}]"
2025-12-18,FUND1,1238647.94,1145331.19,"[{""security_id"": ""AAPL"", ""quantity"": 200.0, ""price"": 180.09}, {""security_id"": ""AMZN"", ""quantity"": 100.0, ""price"": 87.23}, {""security_id"": ""GOOGL"", ""quantity"": 100.0, ""price"": 105.02}, {""security_id"": ""MSFT"", ""quantity"": 100.0, ""price"": 386.01}]"
2025-12-19,FUND1,1238835.69,1145331.19,"[{""security_id"": ""AAPL"", ""quantity"": 200.0, ""price"": 181.26}, {""security_id"": ""AMZN"", ""quantity"": 100.0, ""price"": 84.19}, {""security_id"": ""GOOGL"", ""quantity"": 100.0, ""price"": 102.11}, {""security_id"": ""MSFT"", ""quantity"": 100.0, ""price"": 389.73}]"
2025-12-22,FUND1,1239684.62,1145331.19,"[{""security_id"": ""AAPL"", ""quantity"": 200.0, ""price"": 183.5}, {""security_id"": ""AMZN"", ""quantity"": 100.0, ""price"": 86.1}, {""security_id"": ""GOOGL"", ""quantity"": 100.0, ""price"": 99.63}, {""security_id"": ""MSFT"", ""quantity"": 100.0, ""price"": 382.21}]"
2025-12-23,FUND1,1238024.26,1145331.19,"[{""security_id"": ""AAPL"", ""quantity"": 200.0, ""price"": 181.29}, {""security_id"": ""AMZN"", ""quantity"": 100.0, ""price"": 86.14}, {""security_id"": ""GOOGL"", ""quantity"": 100.0, ""price"": 98.71}, {""security_id"": ""MSFT"", ""quantity"": 100.0, ""price"": 387.16}]"
2025-12-24,FUND1,1238993.99,1145331.19,"[{""security_id"": ""AAPL"", ""quantity"": 200.0, ""price"": 184.28}, {""security_id"": ""AMZN"", ""quantity"": 100.0, ""price"": 87.9}, {""security_id"": ""GOOGL"", ""quantity"": 100.0, ""price"": 96.54}, {""security_id"": ""MSFT"", ""quantity"": 100.0, ""price"": 377.92}]"
2025-12-25,FUND1,1240270.3,1145331.19,"[{""security_id"": ""AAPL"", ""quantity"": 200.0, ""price"": 189.82}, {""security_id"": ""AMZN"", ""quantity"": 100.0, ""price"": 88.36}, {""security_id"": ""GOOGL"", ""quantity"": 100.0, ""price"": 97.28}, {""security_id"": ""MSFT"", ""quantity"": 100.0, ""price"": 372.64}]"
2025-12-26,FUND1,1238546.31,1145331.19,"[{""security_id"": ""AAPL"", ""quantity"": 200.0, ""price"": 186.58}, {""security_id"": ""AMZN"", ""quantity"": 100.0, ""price"": 89.11}, {""security_id"": ""GOOGL"", ""quantity"": 100.0, ""price"": 96.49}, {""security_id"": ""MSFT"", ""quantity"": 100.0, ""price"": 381.59}]"
2025-12-29,FUND1,1239342.59,1145331.19,"[{""security_id"": ""AAPL"", ""quantity"": 200.0, ""price"": 183.66}, {""security_id"": ""AMZN"", ""quantity"": 100.0, ""price"": 89.72}, {""security_id"": ""GOOGL"", ""quantity"": 100.0, ""price"": 100.73}, {""security_id"": ""MSFT"", ""quantity"": 100.0, ""price"": 387.5}]"
2025-12-30,FUND1,1242133.08,1145331.19,"[{""security_id"": ""AAPL"", ""quantity"": 200.0, ""price"": 188.18}, {""security_id"": ""AMZN"", ""quantity"": 100.0, ""price"": 90.87}, {""security_id"": ""GOOGL"", ""quantity"": 100.0, ""price"": 97.65}, {""security_id"": ""MSFT"", ""quantity"": 100.0, ""price"": 398.11}]"
2025-12-31,FUND1,1241993.38,1146295.35,"[{""security_id"": ""AAPL"", ""quantity"": 200.0, ""price"": 187.58}, {""security_id"": ""AMZN"", ""quantity"": 100.0, ""price"": 94.7}, {""security_id"": ""GOOGL"", ""quantity"": 100.0, ""price"": 98.03}, {""security_id"": ""MSFT"", ""quantity"": 100.0, ""price"": 396.27}]"
2026-01-01,FUND1,1253191.76,1156295.35,"[{""security_id"": ""AAPL"", ""quantity"": 200.0, ""price"": 192.43}, {""security_id"": ""AMZN"", ""quantity"": 100.0, ""price"": 96.4}, {""security_id"": ""GOOGL"", ""quantity"": 100.0, ""price"": 96.09}, {""security_id"": ""MSFT"", ""quantity"": 100.0, ""price"": 388.23}]"
2026-01-02,FUND1,1252574.4,1156295.35,"[{""security_id"": ""AAPL"", ""quantity"": 200.0, ""price"": 190.95}, {""security_id"": ""AMZN"", ""quantity"": 100.0, ""price"": 93.71}, {""security_id"": ""GOOGL"", ""quantity"": 100.0, ""price"": 95.26}, {""security_id"": ""MSFT"", ""quantity"": 100.0, ""price"": 386.65}]"
2026-01-05,FUND1,1253593.52,1156295.35,"[{""security_id"": ""AAPL"", ""quantity"": 200.0, ""price"": 196.07}, {""security_id"": ""AMZN"", ""quantity"": 100.0, ""price"": 94.5}, {""security_id"": ""GOOGL"", ""quantity"": 100.0, ""price"": 95.53}, {""security_id"": ""MSFT"", ""quantity"": 100.0, ""price"": 387.46}]"
2026-01-06,FUND1,1253121.38,1156295.35,"[{""security_id"": ""AAPL"", ""quantity"": 200.0, ""price"": 196.58}, {""security_id"": ""AMZN"", ""quantity"": 100.0, ""price"": 96.48}, {""security_id"": ""GOOGL"", ""quantity"": 100.0, ""price"": 91.63}, {""security_id"": ""MSFT"", ""quantity"": 100.0, ""price"": 388.11}]"
2026-01-07,FUND1,1255047.78,1156295.35,"[{""security_id"": ""AAPL"", ""quantity"": 200.0, ""price"": 197.55}, {""security_id"": ""AMZN"", ""quantity"": 100.0, ""price"": 98.62}, {""security_id"": ""GOOGL"", ""quantity"": 100.0, ""price"": 92.05}, {""security_id"": ""MSFT"", ""quantity"": 100.0, ""price"": 396.21}]"
2026-01-08,FUND1,1255982.21,1156295.35,"[{""security_id"": ""AAPL"", ""quantity"": 200.0, ""price"": 203.24}, {""security_id"": ""AMZN"", ""quantity"": 100.0, ""price"": 97.89}, {""security_id"": ""GOOGL"", ""quantity"": 100.0, ""price"": 95.28}, {""security_id"": ""MSFT"", ""quantity"": 100.0, ""price"": 393.74}]"
2026-01-09,FUND1,1255346.25,1156295.35,"[{""security_id"": ""AAPL"", ""quantity"": 200.0, ""price"": 201.97}, {""security_id"": ""AMZN"", ""quantity"": 100.0, ""price"": 99.99}, {""security_id"": ""GOOGL"", ""quantity"": 100.0, ""price"": 94.53}, {""security_id"": ""MSFT"", ""quantity"": 100.0, ""price"": 396.34}]"
2026-01-12,FUND1,1254921.5,1156295.35,"[{""security_id"": ""AAPL"", ""quantity"": 200.0, ""price"": 198.63}, {""security_id"": ""AMZN"", ""quantity"": 100.0, ""price"": 101.7}, {""security_id"": ""GOOGL"", ""quantity"": 100.0, ""price"": 95.0}, {""security_id"": ""MSFT"", ""quantity"": 100.0, ""price"": 389.45}]"
2026-01-13,FUND1,1256240.91,1156295.35,"[{""security_id"": ""AAPL"", ""quantity"": 200.0, ""price"": 197.08}, {""security_id"": ""AMZN"", ""quantity"": 100.0, ""price"": 106.54}, {""security_id"": ""GOOGL"", ""quantity"": 100.0, ""price"": 96.79}, {""security_id"": ""MSFT"", ""quantity"": 100.0, ""price"": 392.71}]"
2026-01-14,FUND1,1255986.92,1156295.35,"[{""security_id"": ""AAPL"", ""quantity"": 200.0, ""price"": 198.74}, {""security_id"": ""AMZN"", ""quantity"": 100.0, ""price"": 105.14}, {""security_id"": ""GOOGL"", ""quantity"": 100.0, ""price"": 96.53}, {""security_id"": ""MSFT"", ""quantity"": 100.0, ""price"": 392.83}]"
2026-01-15,FUND1,1253793.16,1156295.35,"[{""security_id"": ""AAPL"", ""quantity"": 200.0, ""price"": 193.27}, {""security_id"": ""AMZN"", ""quantity"": 100.0, ""price"": 104.21}, {""security_id"": ""GOOGL"", ""quantity"": 100.0, ""price"": 95.55}, {""security_id"": ""MSFT"", ""quantity"": 100.0, ""price"": 387.66}]"
2026-01-16,FUND1,1253357.85,1156295.35,"[{""security_id"": ""AAPL"", ""quantity"": 200.0, ""price"": 195.55}, {""security_id"": ""AMZN"", ""quantity"": 100.0, ""price"": 103.66}, {""security_id"": ""GOOGL"", ""quantity"": 100.0, ""price"": 91.74}, {""security_id"": ""MSFT"", ""quantity"": 100.0, ""price"": 386.12}]"
2026-01-19,FUND1,1252419.37,1156295.35,"[{""security_id"": ""AAPL"", ""quantity"": 200.0, ""price"": 193.71}, {""security_id"": ""AMZN"", ""quantity"": 100.0, ""price"": 102.78}, {""security_id"": ""GOOGL"", ""quantity"": 100.0, ""price"": 92.82}, {""security_id"": ""MSFT"", ""quantity"": 100.0, ""price"": 384.94}]"
2026-01-20,FUND1,1253201.48,1156295.35,"[{""security_id"": ""AAPL"", ""quantity"": 200.0, ""price"": 197.8}, {""security_id"": ""AMZN"", ""quantity"": 100.0, ""price"": 101.17}, {""security_id"": ""GOOGL"", ""quantity"": 100.0, ""price"": 92.66}, {""security_id"": ""MSFT"", ""quantity"": 100.0, ""price"": 383.17}]"
2026-01-21,FUND1,1251672.05,1156295.35,"[{""security_id"": ""AAPL"", ""quantity"": 200.0, ""price"": 189.5}, {""security_id"": ""AMZN"", ""quantity"": 100.0, ""price"": 96.29}, {""security_id"": ""GOOGL"", ""quantity"": 100.0, ""price"": 91.01}, {""security_id"": ""MSFT"", ""quantity"": 100.0, ""price"": 395.68}]"
2026-01-22,FUND1,1252994.57,1156295.35,"[{""security_id"": ""AAPL"", ""quantity"": 200.0, ""price"": 186.89}, {""security_id"": ""AMZN"", ""quantity"": 100.0, ""price"": 95.56}, {""security_id"": ""GOOGL"", ""quantity"": 100.0, ""price"": 91.24}, {""security_id"": ""MSFT"", ""quantity"": 100.0, ""price"": 395.08}]"
2026-01-23,FUND1,1250163.39,1156295.35,"[{""security_id"": ""AAPL"", ""quantity"": 200.0, ""price"": 181.34}, {""security_id"": ""AMZN"", ""quantity"": 100.0, ""price"": 96.22}, {""security_id"": ""GOOGL"", ""quantity"": 100.0, ""price"": 90.31}, {""security_id"": ""MSFT"", ""quantity"": 100.0, ""price"": 393.44}]"
2026-01-26,FUND1,1249206.78,1156295.35,"[{""security_id"": ""AAPL"", ""quantity"": 200.0, ""price"": 178.71}, {""security_id"": ""AMZN"", ""quantity"": 100.0, ""price"": 95.39}, {""security_id"": ""GOOGL"", ""quantity"": 100.0, ""price"": 89.47}, {""security_id"": ""MSFT"", ""quantity"": 100.0, ""price"": 378.96}]"
2026-01-27,FUND1,1247929.78,1156295.35,"[{""security_id"": ""AAPL"", ""quantity"": 200.0, ""price"": 179.55}, {""security_id"": ""AMZN"", ""quantity"": 100.0, ""price"": 98.8}, {""security_id"": ""GOOGL"", ""quantity"": 100.0, ""price"": 90.48}, {""security_id"": ""MSFT"", ""quantity"": 100.0, ""price"": 373.0}]"
2026-01-28,FUND1,1247678.6,1156295.35,"[{""security_id"": ""AAPL"", ""quantity"": 200.0, ""price"": 179.02}, {""security_id"": ""AMZN"", ""quantity"": 100.0, ""price"": 98.85}, {""security_id"": ""GOOGL"", ""quantity"": 100.0, ""price"": 88.35}, {""security_id"": ""MSFT"", ""quantity"": 100.0, ""price"": 371.33}]"
2026-01-29,FUND1,1247752.57,1156295.35,"[{""security_id"": ""AAPL"", ""quantity"": 200.0, ""price"": 178.25}, {""security_id"": ""AMZN"", ""quantity"": 100.0, ""price"": 101.2}, {""security_id"": ""GOOGL"", ""quantity"": 100.0, ""price"": 90.05}, {""security_id"": ""MSFT"", ""quantity"": 100.0, ""price"": 366.87}]"
2026-01-30,FUND1,1248233.96,1156295.35,"[{""security_id"": ""AAPL"", ""quantity"": 200.0, ""price"": 177.79}, {""security_id"": ""AMZN"", ""quantity"": 100.0, ""price"": 101.7}, {""security_id"": ""GOOGL"", ""quantity"": 100.0, ""price"": 87.83}, {""security_id"": ""MSFT"", ""quantity"": 100.0, ""price"": 376.2}]"
2026-02-02,FUND1,1259275.96,1166295.35,"[{""security_id"": ""AAPL"", ""quantity"": 200.0, ""price"": 178.48}, {""security_id"": ""AMZN"", ""quantity"": 100.0, ""price"": 103.25}, {""security_id"": ""GOOGL"", ""quantity"": 100.0, ""price"": 86.81}, {""security_id"": ""MSFT"", ""quantity"": 100.0, ""price"": 375.18}]"
2026-02-03,FUND1,1260218.31,1166295.35,"[{""security_id"": ""AAPL"", ""quantity"": 200.0, ""price"": 175.32}, {""security_id"": ""AMZN"", ""quantity"": 100.0, ""price"": 103.8}, {""security_id"": ""GOOGL"", ""quantity"": 100.0, ""price"": 89.89}, {""security_id"": ""MSFT"", ""quantity"": 100.0, ""price"": 384.08}]"
2026-02-04,FUND1,1261008.86,1166295.35,"[{""security_id"": ""AAPL"", ""quantity"": 200.0, ""price"": 177.6}, {""security_id"": ""AMZN"", ""quantity"": 100.0, ""price"": 106.41}, {""security_id"": ""GOOGL"", ""quantity"": 100.0, ""price"": 91.76}, {""security_id"": ""MSFT"", ""quantity"": 100.0, ""price"": 384.6}]"
2026-02-05,FUND1,1260057.31,1166295.35,"[{""security_id"": ""AAPL"", ""quantity"": 200.0, ""price"": 179.78}, {""security_id"": ""AMZN"", ""quantity"": 100.0, ""price"": 106.55}, {""security_id"": ""GOOGL"", ""quantity"": 100.0, ""price"": 91.94}, {""security_id"": ""MSFT"", ""quantity"": 100.0, ""price"": 384.96}]"
2026-02-06,FUND1,1261468.32,1166295.35,"[{""security_id"": ""AAPL"", ""quantity"": 200.0, ""price"": 181.08}, {""security_id"": ""AMZN"", ""quantity"": 100.0, ""price"": 107.53}, {""security_id"": ""GOOGL"", ""quantity"": 100.0, ""price"": 90.42}, {""security_id"": ""MSFT"", ""quantity"": 100.0, ""price"": 384.44}]"
2026-02-09,FUND1,1260574.65,1166295.35,"[{""security_id"": ""AAPL"", ""quantity"": 200.0, ""price"": 182.94}, {""security_id"": ""AMZN"", ""quantity"": 100.0, ""price"": 108.27}, {""security_id"": ""GOOGL"", ""quantity"": 100.0, ""price"": 89.59}, {""security_id"": ""MSFT"", ""quantity"": 100.0, ""price"": 384.56}]"
2026-02-10,FUND1,1263504.26,1166295.35,"[{""security_id"": ""AAPL"", ""quantity"": 200.0, ""price"": 183.97}, {""security_id"": ""AMZN"", ""quantity"": 100.0, ""price"": 107.73}, {""security_id"": ""GOOGL"", ""quantity"": 100.0, ""price"": 89.73}, {""security_id"": ""MSFT"", ""quantity"": 100.0, ""price"": 396.74}]"
2026-02-11,FUND1,1262565.23,1166295.35,"[{""security_id"": ""AAPL"", ""quantity"": 200.0, ""price"": 190.88}, {""security_id"": ""AMZN"", ""quantity"": 100.0, ""price"": 108.55}, {""security_id"": ""GOOGL"", ""quantity"": 100.0, ""price"": 89.81}, {""security_id"": ""MSFT"", ""quantity"": 100.0, ""price"": 380.62}]"
2026-02-12,FUND1,1261246.85,1166295.35,"[{""security_id"": ""AAPL"", ""quantity"": 200.0, ""price"": 190.63}, {""security_id"": ""AMZN"", ""quantity"": 100.0, ""price"": 113.03}, {""security_id"": ""GOOGL"", ""quantity"": 100.0, ""price"": 89.69}, {""security_id"": ""MSFT"", ""quantity"": 100.0, ""price"": 367.24}]"
2026-02-13,FUND1,1260282.15,1166295.35,"[{""security_id"": ""AAPL"", ""quantity"": 200.0, ""price"": 189.63}, {""security_id"": ""AMZN"", ""quantity"": 100.0, ""price"": 112.51}, {""security_id"": ""GOOGL"", ""quantity"": 100.0, ""price"": 89.66}, {""security_id"": ""MSFT"", ""quantity"": 100.0, ""price"": 363.76}]"
2026-02-16,FUND1,1259561.5,1166295.35,"[{""security_id"": ""AAPL"", ""quantity"": 200.0, ""price"": 187.12}, {""security_id"": ""AMZN"", ""quantity"": 100.0, ""price"": 113.39}, {""security_id"": ""GOOGL"", ""quantity"": 100.0, ""price"": 89.34}, {""security_id"": ""MSFT"", ""quantity"": 100.0, ""price"": 363.94}]"
2026-02-17,FUND1,1259857.83,1166295.35,"[{""security_id"": ""AAPL"", ""quantity"": 200.0, ""price"": 183.72}, {""security_id"": ""AMZN"", ""quantity"": 100.0, ""price"": 116.02}, {""security_id"": ""GOOGL"", ""quantity"": 100.0, ""price"": 87.07}, {""security_id"": ""MSFT"", ""quantity"": 100.0, ""price"": 368.58}]"
2026-02-18,FUND1,1260886.82,1166295.35,"[{""security_id"": ""AAPL"", ""quantity"": 200.0, ""price"": 179.7}, {""security_id"": ""AMZN"", ""quantity"": 100.0, ""price"": 118.45}, {""security_id"": ""GOOGL"", ""quantity"": 100.0, ""price"": 86.29}, {""security_id"": ""MSFT"", ""quantity"": 100.0, ""price"": 371.83}]"
2026-02-19,FUND1,1259993.11,1166295.35,"[{""security_id"": ""AAPL"", ""quantity"": 200.0, ""price"": 176.89}, {""security_id"": ""AMZN"", ""quantity"": 100.0, ""price"": 118.51}, {""security_id"": ""GOOGL"", ""quantity"": 100.0, ""price"": 87.74}, {""security_id"": ""MSFT"", ""quantity"": 100.0, ""price"": 369.36}]"
2026-02-20,FUND1,1260291.73,1166295.35,"[{""security_id"": ""AAPL"", ""quantity"": 200.0, ""price"": 176.71}, {""security_id"": ""AMZN"", ""quantity"": 100.0, ""price"": 113.56}, {""security_id"": ""GOOGL"", ""quantity"": 100.0, ""price"": 85.63}, {""security_id"": ""MSFT"", ""quantity"": 100.0, ""price"": 376.29}]"
2026-02-23,FUND1,1259558.02,1166295.35,"[{""security_id"": ""AAPL"", ""quantity"": 200.0, ""price"": 177.82}, {""security_id"": ""AMZN"", ""quantity"": 100.0, ""price"": 114.65}, {""security_id"": ""GOOGL"", ""quantity"": 100.0, ""price"": 85.36}, {""security_id"": ""MSFT"", ""quantity"": 100.0, ""price"": 383.43}]"
2026-02-24,FUND1,1260158.94,1166295.35,"[{""security_id"": ""AAPL"", ""quantity"": 200.0, ""price"": 178.03}, {""security_id"": ""AMZN"", ""quantity"": 100.0, ""price"": 110.19}, {""security_id"": ""GOOGL"", ""quantity"": 100.0, ""price"": 84.13}, {""security_id"": ""MSFT"", ""quantity"": 100.0, ""price"": 384.8}]"
2026-02-25,FUND1,1260002.34,1166295.35,"[{""security_id"": ""AAPL"", ""quantity"": 200.0, ""price"": 175.63}, {""security_id"": ""AMZN"", ""quantity"": 100.0, ""price"": 113.17}, {""security_id"": ""GOOGL"", ""quantity"": 100.0, ""price"": 84.32}, {""security_id"": ""MSFT"", ""quantity"": 100.0, ""price"": 391.62}]"
2026-02-26,FUND1,1261345.77,1166295.35,"[{""security_id"": ""AAPL"", ""quantity"": 200.0, ""price"": 178.55}, {""security_id"": ""AMZN"", ""quantity"": 100.0, ""price"": 113.54}, {""security_id"": ""GOOGL"", ""quantity"": 100.0, ""price"": 83.75}, {""security_id"": ""MSFT"", ""quantity"": 100.0, ""price"": 393.65}]"
2026-02-27,FUND1,1261433.64,1166295.35,"[{""security_id"": ""AAPL"", ""quantity"": 200.0, ""price"": 180.98}, {""security_id"": ""AMZN"", ""quantity"": 100.0, ""price"": 115.64}, {""security_id"": ""GOOGL"", ""quantity"": 100.0, ""price"": 86.03}, {""security_id"": ""MSFT"", ""quantity"": 100.0, ""price"": 389.78}]"
2026-03-02,FUND1,1271662.76,1176295.35,"[{""security_id"": ""AAPL"", ""quantity"": 200.0, ""price"": 180.51}, {""security_id"": ""AMZN"", ""quantity"": 100.0, ""price"": 113.8}, {""security_id"": ""GOOGL"", ""quantity"": 100.0, ""price"": 86.84}, {""security_id"": ""MSFT"", ""quantity"": 100.0, ""price"": 394.81}]"
2026-03-03,FUND1,1271418.69,1176295.35,"[{""security_id"": ""AAPL"", ""quantity"": 200.0, ""price"": 178.45}, {""security_id"": ""AMZN"", ""quantity"": 100.0, ""price"": 110.69}, {""security_id"": ""GOOGL"", ""quantity"": 100.0, ""price"": 84.83}, {""security_id"": ""MSFT"", ""quantity"": 100.0, ""price"": 395.7}]"
2026-03-04,FUND1,1271157.08,1176295.35,"[{""security_id"": ""AAPL"", ""quantity"": 200.0, ""price"": 180.26}, {""security_id"": ""AMZN"", ""quantity"": 100.0, ""price"": 111.24}, {""security_id"": ""GOOGL"", ""quantity"": 100.0, ""price"": 85.89}, {""security_id"": ""MSFT"", ""quantity"": 100.0, ""price"": 395.8}]"
2026-03-05,FUND1,1272823.62,1176295.35,"[{""security_id"": ""AAPL"", ""quantity"": 200.0, ""price"": 180.92}, {""security_id"": ""AMZN"", ""quantity"": 100.0, ""price"": 111.2}, {""security_id"": ""GOOGL"", ""quantity"": 100.0, ""price"": 84.72}, {""security_id"": ""MSFT"", ""quantity"": 100.0, ""price"": 406.54}]"
2026-03-06,FUND1,1270344.95,1176295.35,"[{""security_id"": ""AAPL"", ""quantity"": 200.0, ""price"": 176.31}, {""security_id"": ""AMZN"", ""quantity"": 100.0, ""price"": 110.25}, {""security_id"": ""GOOGL"", ""quantity"": 100.0, ""price"": 83.86}, {""security_id"": ""MSFT"", ""quantity"": 100.0, ""price"": 389.09}]"
2026-03-09,FUND1,1268348.49,1176295.35,"[{""security_id"": ""AAPL"", ""quantity"": 200.0, ""price"": 176.14}, {""security_id"": ""AMZN"", ""quantity"": 100.0, ""price"": 110.45}, {""security_id"": ""GOOGL"", ""quantity"": 100.0, ""price"": 84.36}, {""security_id"": ""MSFT"", ""quantity"": 100.0, ""price"": 379.38}]"
2026-03-10,FUND1,1269854.75,1176295.35,"[{""security_id"": ""AAPL"", ""quantity"": 200.0, ""price"": 177.01}, {""security_id"": ""AMZN"", ""quantity"": 100.0, ""price"": 116.12}, {""security_id"": ""GOOGL"", ""quantity"": 100.0, ""price"": 83.64}, {""security_id"": ""MSFT"", ""quantity"": 100.0, ""price"": 371.46}]"
2026-03-11,FUND1,1268514.11,1176295.35,"[{""security_id"": ""AAPL"", ""quantity"": 200.0, ""price"": 174.21}, {""security_id"": ""AMZN"", ""quantity"": 100.0, ""price"": 117.9}, {""security_id"": ""GOOGL"", ""quantity"": 100.0, ""price"": 85.01}, {""security_id"": ""MSFT"", ""quantity"": 100.0, ""price"": 369.13}]"
2026-03-12,FUND1,1269232.04,1176295.35,"[{""security_id"": ""AAPL"", ""quantity"": 200.0, ""price"": 174.85}, {""security_id"": ""AMZN"", ""quantity"": 100.0, ""price"": 120.18}, {""security_id"": ""GOOGL"", ""quantity"": 100.0, ""price"": 83.86}, {""security_id"": ""MSFT"", ""quantity"": 100.0, ""price"": 367.53}]"
2026-03-13,FUND1,1267122.44,1176295.35,"[{""security_id"": ""AAPL"", ""quantity"": 200.0, ""price"": 170.38}, {""security_id"": ""AMZN"", ""quantity"": 100.0, ""price"": 122.05}, {""security_id"": ""GOOGL"", ""quantity"": 100.0, ""price"": 82.95}, {""security_id"": ""MSFT"", ""quantity"": 100.0, ""price"": 357.78}]"
2026-03-16,FUND1,1267692.29,1176295.35,"[{""security_id"": ""AAPL"", ""quantity"": 200.0, ""price"": 174.57}, {""security_id"": ""AMZN"", ""quantity"": 100.0, ""price"": 125.38}, {""security_id"": ""GOOGL"", ""quantity"": 100.0, ""price"": 82.0}, {""security_id"": ""MSFT"", ""quantity"": 100.0, ""price"": 351.58}]"
2026-03-17,FUND1,1267853.77,1176295.35,"[{""security_id"": ""AAPL"", ""quantity"": 200.0, ""price"": 178.58}, {""security_id"": ""AMZN"", ""quantity"": 100.0, ""price"": 124.98}, {""security_id"": ""GOOGL"", ""quantity"": 100.0, ""price"": 81.19}, {""security_id"": ""MSFT"", ""quantity"": 100.0, ""price"": 346.26}]"
2026-03-18,FUND1,1269310.82,1176295.35,"[{""security_id"": ""AAPL"", ""quantity"": 200.0, ""price"": 177.81}, {""security_id"": ""AMZN"", ""quantity"": 100.0, ""price"": 120.47}, {""security_id"": ""GOOGL"", ""quantity"": 100.0, ""price"": 82.83}, {""security_id"": ""MSFT"", ""quantity"": 100.0, ""price"": 362.01}]"
2026-03-19,FUND1,1270283.34,1176295.35,"[{""security_id"": ""AAPL"", ""quantity"": 200.0, ""price"": 179.02}, {""security_id"": ""AMZN"", ""quantity"": 100.0, ""price"": 120.09}, {""security_id"": ""GOOGL"", ""quantity"": 100.0, ""price"": 83.79}, {""security_id"": ""MSFT"", ""quantity"": 100.0, ""price"": 374.04}]"
2026-03-20,FUND1,1268269.28,1176295.35,"[{""security_id"": ""AAPL"", ""quantity"": 200.0, ""price"": 171.47}, {""security_id"": ""AMZN"", ""quantity"": 100.0, ""price"": 121.89}, {""security_id"": ""GOOGL"", ""quantity"": 100.0, ""price"": 86.43}, {""security_id"": ""MSFT"", ""quantity"": 100.0, ""price"": 371.37}]"
2026-03-23,FUND1,1267131.01,1176295.35,"[{""security_id"": ""AAPL"", ""quantity"": 200.0, ""price"": 167.98}, {""security_id"": ""AMZN"", ""quantity"": 100.0, ""price"": 119.81}, {""security_id"": ""GOOGL"", ""quantity"": 100.0, ""price"": 90.06}, {""security_id"": ""MSFT"", ""quantity"": 100.0, ""price"": 369.04}]"
2026-03-24,FUND1,1267043.85,1176295.35,"[{""security_id"": ""AAPL"", ""quantity"": 200.0, ""price"": 167.13}, {""security_id"": ""AMZN"", ""quantity"": 100.0, ""price"": 119.46}, {""security_id"": ""GOOGL"", ""quantity"": 100.0, ""price"": 88.42}, {""security_id"": ""MSFT"", ""quantity"": 100.0, ""price"": 361.58}]"
2026-03-25,FUND1,1263977.88,1176295.35,"[{""security_id"": ""AAPL"", ""quantity"": 200.0, ""price"": 163.98}, {""security_id"": ""AMZN"", ""quantity"": 100.0, ""price"": 118.01}, {""security_id"": ""GOOGL"", ""quantity"": 100.0, ""price"": 88.56}, {""security_id"": ""MSFT"", ""quantity"": 100.0, ""price"": 349.46}]"
2026-03-26,FUND1,1264841.71,1176295.35,"[{""security_id"": ""AAPL"", ""quantity"": 200.0, ""price"": 166.14}, {""security_id"": ""AMZN"", ""quantity"": 100.0, ""price"": 121.28}, {""security_id"": ""GOOGL"", ""quantity"": 100.0, ""price"": 86.72}, {""security_id"": ""MSFT"", ""quantity"": 100.0, ""price"": 348.81}]"
2026-03-27,FUND1,1265139.63,1176295.35,"[{""security_id"": ""AAPL"", ""quantity"": 200.0, ""price"": 172.27}, {""security_id"": ""AMZN"", ""quantity"": 100.0, ""price"": 122.96}, {""security_id"": ""GOOGL"", ""quantity"": 100.0, ""price"": 85.54}, {""security_id"": ""MSFT"", ""quantity"": 100.0, ""price"": 342.69}]"
2026-03-30,FUND1,1265424.46,1176295.35,"[{""security_id"": ""AAPL"", ""quantity"": 200.0, ""price"": 168.7}, {""security_id"": ""AMZN"", ""quantity"": 100.0, ""price"": 124.44}, {""security_id"": ""GOOGL"", ""quantity"": 100.0, ""price"": 84.6}, {""security_id"": ""MSFT"", ""quantity"": 100.0, ""price"": 342.25}]"
2026-03-31,FUND1,1256222.55,1176919.29,"[{""security_id"": ""AAPL"", ""quantity"": 200.0, ""price"": 166.47}, {""security_id"": ""AMZN"", ""quantity"": 100.0, ""price"": 125.87}, {""security_id"": ""MSFT"", ""quantity"": 100.0, ""price"": 332.61}]"
